time,.Header.seq,.Header.stamp.secs,.Header.stamp.nsecs,.Header.frame_id,.Latitude,.Longitude,.Altitude,.UTM_easting,.UTM_northing,.Zone,.Fix,.Letter
2022/10/14/22:25:30.385270,0,8732,0,GPS1_Frame,42.364740166666664,-71.06514233333334,12.199999809265137,329946.5443957689,4692339.787392715,19,4,T
2022/10/14/22:25:31.395683,0,8733,0,GPS1_Frame,42.364740166666664,-71.06514233333334,12.199999809265137,329946.5443957689,4692339.787392715,19,4,T
2022/10/14/22:25:32.391189,0,8734,0,GPS1_Frame,42.364740166666664,-71.06514233333334,12.199999809265137,329946.5443957689,4692339.787392715,19,4,T
2022/10/14/22:25:33.383982,0,8735,0,GPS1_Frame,42.364740166666664,-71.06514233333334,12.199999809265137,329946.5443957689,4692339.787392715,19,4,T
2022/10/14/22:25:34.396029,0,8736,0,GPS1_Frame,42.364740166666664,-71.06514233333334,12.199999809265137,329946.5443957689,4692339.787392715,19,4,T
2022/10/14/22:25:35.393547,0,8737,0,GPS1_Frame,42.364740166666664,-71.06514233333334,12.199999809265137,329946.5443957689,4692339.787392715,19,4,T
2022/10/14/22:25:36.383528,0,8738,0,GPS1_Frame,42.364740166666664,-71.06514233333334,12.199999809265137,329946.5443957689,4692339.787392715,19,4,T
2022/10/14/22:25:37.398449,0,8738,0,GPS1_Frame,42.364740333333344,-71.06514233333334,12.199999809265137,329946.544845463,4692339.805899831,19,4,T
2022/10/14/22:25:38.392818,0,8740,0,GPS1_Frame,42.364740333333344,-71.06514233333334,12.199999809265137,329946.544845463,4692339.805899831,19,4,T
2022/10/14/22:25:39.385254,0,8741,0,GPS1_Frame,42.364740166666664,-71.06514233333334,12.199999809265137,329946.5443957689,4692339.787392715,19,4,T
2022/10/14/22:25:40.400472,0,8741,0,GPS1_Frame,42.364740166666664,-71.06514233333334,12.199999809265137,329946.5443957689,4692339.787392715,19,4,T
2022/10/14/22:25:41.393922,0,8743,0,GPS1_Frame,42.364740166666664,-71.06514233333334,12.199999809265137,329946.5443957689,4692339.787392715,19,4,T
2022/10/14/22:25:42.387533,0,8744,0,GPS1_Frame,42.364740166666664,-71.06514233333334,12.199999809265137,329946.5443957689,4692339.787392715,19,4,T
2022/10/14/22:25:43.402149,0,8744,0,GPS1_Frame,42.364740333333344,-71.06514233333334,12.199999809265137,329946.544845463,4692339.805899831,19,4,T
2022/10/14/22:25:44.394569,0,8746,0,GPS1_Frame,42.364740166666664,-71.06514233333334,12.199999809265137,329946.5443957689,4692339.787392715,19,4,T
2022/10/14/22:25:45.392711,0,8747,0,GPS1_Frame,42.364740333333344,-71.06514233333334,12.199999809265137,329946.544845463,4692339.805899831,19,4,T
2022/10/14/22:25:46.388860,0,8747,0,GPS1_Frame,42.364740333333344,-71.06514233333334,12.199999809265137,329946.544845463,4692339.805899831,19,4,T
2022/10/14/22:25:47.394480,0,8749,0,GPS1_Frame,42.364740333333344,-71.06514233333334,12.199999809265137,329946.544845463,4692339.805899831,19,4,T
2022/10/14/22:25:48.386636,0,8750,0,GPS1_Frame,42.364740333333344,-71.06514233333334,12.199999809265137,329946.544845463,4692339.805899831,19,4,T
2022/10/14/22:25:49.396872,0,8751,0,GPS1_Frame,42.364740333333344,-71.06514233333334,12.199999809265137,329946.544845463,4692339.805899831,19,4,T
2022/10/14/22:25:50.391909,0,8752,0,GPS1_Frame,42.364740333333344,-71.06514233333334,12.199999809265137,329946.544845463,4692339.805899831,19,4,T
2022/10/14/22:25:51.404977,0,8753,0,GPS1_Frame,42.364740333333344,-71.06514233333334,12.199999809265137,329946.544845463,4692339.805899831,19,4,T
2022/10/14/22:25:52.398986,0,8754,0,GPS1_Frame,42.364740333333344,-71.06514233333334,12.199999809265137,329946.544845463,4692339.805899831,19,4,T
2022/10/14/22:25:53.385399,0,8755,0,GPS1_Frame,42.364740333333344,-71.06514233333334,12.199999809265137,329946.544845463,4692339.805899831,19,4,T
2022/10/14/22:25:54.393303,0,8756,0,GPS1_Frame,42.364740333333344,-71.06514233333334,12.199999809265137,329946.544845463,4692339.805899831,19,4,T
2022/10/14/22:25:55.411360,0,8757,0,GPS1_Frame,42.364740333333344,-71.06514233333334,12.199999809265137,329946.544845463,4692339.805899831,19,4,T
2022/10/14/22:25:56.397750,0,8758,0,GPS1_Frame,42.364740333333344,-71.06514233333334,12.199999809265137,329946.544845463,4692339.805899831,19,4,T
2022/10/14/22:25:57.411742,0,8759,0,GPS1_Frame,42.364740333333344,-71.06514233333334,12.199999809265137,329946.544845463,4692339.805899831,19,4,T
2022/10/14/22:25:58.403130,0,8700,0,GPS1_Frame,42.364740333333344,-71.06514233333334,12.199999809265137,329946.544845463,4692339.805899831,19,4,T
2022/10/14/22:25:59.415980,0,8761,0,GPS1_Frame,42.364740333333344,-71.06514233333334,12.199999809265137,329946.544845463,4692339.805899831,19,4,T
2022/10/14/22:26:00.402513,0,8762,0,GPS1_Frame,42.364740333333344,-71.06514233333334,12.199999809265137,329946.544845463,4692339.805899831,19,4,T
2022/10/14/22:26:01.395499,0,8763,0,GPS1_Frame,42.364740333333344,-71.06514233333334,12.199999809265137,329946.544845463,4692339.805899831,19,4,T
2022/10/14/22:26:02.389987,0,8764,0,GPS1_Frame,42.364740333333344,-71.06514233333334,12.199999809265137,329946.544845463,4692339.805899831,19,4,T
2022/10/14/22:26:03.399380,0,8765,0,GPS1_Frame,42.364740333333344,-71.06514233333334,12.199999809265137,329946.544845463,4692339.805899831,19,4,T
2022/10/14/22:26:04.407062,0,8766,0,GPS1_Frame,42.364740333333344,-71.06514233333334,12.199999809265137,329946.544845463,4692339.805899831,19,4,T
2022/10/14/22:26:05.398873,0,8767,0,GPS1_Frame,42.364740333333344,-71.06514233333334,12.199999809265137,329946.544845463,4692339.805899831,19,4,T
2022/10/14/22:26:06.409725,0,8768,0,GPS1_Frame,42.364740333333344,-71.06514233333334,12.199999809265137,329946.544845463,4692339.805899831,19,4,T
2022/10/14/22:26:07.394757,0,8769,0,GPS1_Frame,42.364740333333344,-71.06514233333334,12.199999809265137,329946.544845463,4692339.805899831,19,4,T
2022/10/14/22:26:08.407892,0,8770,0,GPS1_Frame,42.364740333333344,-71.06514233333334,12.199999809265137,329946.544845463,4692339.805899831,19,4,T
2022/10/14/22:26:09.420069,0,8771,0,GPS1_Frame,42.364740333333344,-71.06514233333334,12.199999809265137,329946.544845463,4692339.805899831,19,4,T
2022/10/14/22:26:10.407360,0,8772,0,GPS1_Frame,42.364740333333344,-71.06514233333334,12.199999809265137,329946.544845463,4692339.805899831,19,4,T
2022/10/14/22:26:11.394319,0,8773,0,GPS1_Frame,42.364740166666664,-71.06514233333334,12.199999809265137,329946.5443957689,4692339.787392715,19,4,T
2022/10/14/22:26:12.413531,0,8773,0,GPS1_Frame,42.364740333333344,-71.06514233333334,12.199999809265137,329946.544845463,4692339.805899831,19,4,T
2022/10/14/22:26:13.405811,0,8775,0,GPS1_Frame,42.364740166666664,-71.06514233333334,12.199999809265137,329946.5443957689,4692339.787392715,19,4,T
2022/10/14/22:26:14.419072,0,8776,0,GPS1_Frame,42.364740166666664,-71.06514233333334,12.199999809265137,329946.5443957689,4692339.787392715,19,4,T
2022/10/14/22:26:15.415775,0,8776,0,GPS1_Frame,42.364740333333344,-71.06514233333334,12.199999809265137,329946.544845463,4692339.805899831,19,4,T
2022/10/14/22:26:16.409039,0,8778,0,GPS1_Frame,42.364740333333344,-71.06514233333334,12.199999809265137,329946.544845463,4692339.805899831,19,4,T
2022/10/14/22:26:17.409564,0,8779,0,GPS1_Frame,42.364740166666664,-71.06514233333334,12.199999809265137,329946.5443957689,4692339.787392715,19,4,T
2022/10/14/22:26:18.404922,0,8779,0,GPS1_Frame,42.364740333333344,-71.06514233333334,12.199999809265137,329946.544845463,4692339.805899831,19,4,T
2022/10/14/22:26:19.410131,0,8781,0,GPS1_Frame,42.364740333333344,-71.06514233333334,12.199999809265137,329946.544845463,4692339.805899831,19,4,T
2022/10/14/22:26:20.414036,0,8782,0,GPS1_Frame,42.364740166666664,-71.06514233333334,12.199999809265137,329946.5443957689,4692339.787392715,19,4,T
2022/10/14/22:26:21.423200,0,8782,0,GPS1_Frame,42.364740166666664,-71.06514233333334,12.199999809265137,329946.5443957689,4692339.787392715,19,4,T
2022/10/14/22:26:22.417155,0,8784,0,GPS1_Frame,42.364740333333344,-71.06514233333334,12.199999809265137,329946.544845463,4692339.805899831,19,4,T
2022/10/14/22:26:23.428121,0,8785,0,GPS1_Frame,42.364740333333344,-71.06514233333334,12.199999809265137,329946.544845463,4692339.805899831,19,4,T
2022/10/14/22:26:24.421435,0,8786,0,GPS1_Frame,42.364740166666664,-71.06514233333334,12.199999809265137,329946.5443957689,4692339.787392715,19,4,T
2022/10/14/22:26:25.414763,0,8787,0,GPS1_Frame,42.364740166666664,-71.06514233333334,12.199999809265137,329946.5443957689,4692339.787392715,19,4,T
2022/10/14/22:26:26.426533,0,8788,0,GPS1_Frame,42.364740166666664,-71.06514233333334,12.199999809265137,329946.5443957689,4692339.787392715,19,4,T
2022/10/14/22:26:27.419448,0,8789,0,GPS1_Frame,42.364740166666664,-71.06514233333334,12.199999809265137,329946.5443957689,4692339.787392715,19,4,T
2022/10/14/22:26:28.408128,0,8790,0,GPS1_Frame,42.364740166666664,-71.06514233333334,12.199999809265137,329946.5443957689,4692339.787392715,19,4,T
2022/10/14/22:26:29.420273,0,8791,0,GPS1_Frame,42.364740166666664,-71.06514233333334,12.199999809265137,329946.5443957689,4692339.787392715,19,4,T
2022/10/14/22:26:30.429861,0,8792,0,GPS1_Frame,42.364740166666664,-71.06514233333334,12.199999809265137,329946.5443957689,4692339.787392715,19,4,T
2022/10/14/22:26:31.413455,0,8793,0,GPS1_Frame,42.364740166666664,-71.06514233333334,12.199999809265137,329946.5443957689,4692339.787392715,19,4,T
2022/10/14/22:26:32.425267,0,8794,0,GPS1_Frame,42.364740166666664,-71.06514233333334,12.199999809265137,329946.5443957689,4692339.787392715,19,4,T
2022/10/14/22:26:33.416606,0,8795,0,GPS1_Frame,42.364740166666664,-71.06514233333334,12.199999809265137,329946.5443957689,4692339.787392715,19,4,T
2022/10/14/22:26:34.427841,0,8796,0,GPS1_Frame,42.364740166666664,-71.06514216666666,12.199999809265137,329946.5581204374,4692339.787059227,19,4,T
2022/10/14/22:26:35.423044,0,8797,0,GPS1_Frame,42.364740166666664,-71.06514233333334,12.199999809265137,329946.5443957689,4692339.787392715,19,4,T
2022/10/14/22:26:36.416728,0,8798,0,GPS1_Frame,42.364740166666664,-71.06514216666666,12.199999809265137,329946.5581204374,4692339.787059227,19,4,T
2022/10/14/22:26:37.432027,0,8798,0,GPS1_Frame,42.364740166666664,-71.06514233333334,12.199999809265137,329946.5443957689,4692339.787392715,19,4,T
2022/10/14/22:26:38.423206,0,8800,0,GPS1_Frame,42.364740333333344,-71.06514216666666,12.199999809265137,329946.5585701314,4692339.805566343,19,4,T
2022/10/14/22:26:39.424047,0,8801,0,GPS1_Frame,42.364740166666664,-71.06514216666666,12.199999809265137,329946.5581204374,4692339.787059227,19,4,T
2022/10/14/22:26:40.413633,0,8801,0,GPS1_Frame,42.364740333333344,-71.06514216666666,12.199999809265137,329946.5585701314,4692339.805566343,19,4,T
2022/10/14/22:26:41.426089,0,8803,0,GPS1_Frame,42.364740333333344,-71.06514216666666,12.199999809265137,329946.5585701314,4692339.805566343,19,4,T
2022/10/14/22:26:42.434013,0,8804,0,GPS1_Frame,42.364740333333344,-71.06514216666666,12.199999809265137,329946.5585701314,4692339.805566343,19,4,T
2022/10/14/22:26:43.427336,0,8804,0,GPS1_Frame,42.364740333333344,-71.06514216666666,12.199999809265137,329946.5585701314,4692339.805566343,19,4,T
2022/10/14/22:26:44.437810,0,8806,0,GPS1_Frame,42.364740333333344,-71.06514233333334,12.199999809265137,329946.544845463,4692339.805899831,19,4,T
2022/10/14/22:26:45.431042,0,8807,0,GPS1_Frame,42.364740166666664,-71.06514233333334,12.199999809265137,329946.5443957689,4692339.787392715,19,4,T
2022/10/14/22:26:46.441518,0,8807,0,GPS1_Frame,42.364740166666664,-71.06514233333334,12.199999809265137,329946.5443957689,4692339.787392715,19,4,T
2022/10/14/22:26:47.427048,0,8809,0,GPS1_Frame,42.364740333333344,-71.06514233333334,12.199999809265137,329946.544845463,4692339.805899831,19,4,T
2022/10/14/22:26:48.437709,0,8810,0,GPS1_Frame,42.364740333333344,-71.06514233333334,12.199999809265137,329946.544845463,4692339.805899831,19,4,T
2022/10/14/22:26:49.434748,0,8811,0,GPS1_Frame,42.364740333333344,-71.06514233333334,12.199999809265137,329946.544845463,4692339.805899831,19,4,T
2022/10/14/22:26:50.429364,0,8812,0,GPS1_Frame,42.364740333333344,-71.06514233333334,12.199999809265137,329946.544845463,4692339.805899831,19,4,T
2022/10/14/22:26:51.438173,0,8813,0,GPS1_Frame,42.364740166666664,-71.06514233333334,12.199999809265137,329946.5443957689,4692339.787392715,19,4,T
2022/10/14/22:26:52.438479,0,8814,0,GPS1_Frame,42.364740166666664,-71.06514233333334,12.199999809265137,329946.5443957689,4692339.787392715,19,4,T
2022/10/14/22:26:53.433527,0,8815,0,GPS1_Frame,42.364740166666664,-71.06514233333334,12.199999809265137,329946.5443957689,4692339.787392715,19,4,T
2022/10/14/22:26:54.425204,0,8816,0,GPS1_Frame,42.364740333333344,-71.06514233333334,12.199999809265137,329946.544845463,4692339.805899831,19,4,T
2022/10/14/22:26:55.436771,0,8817,0,GPS1_Frame,42.364740333333344,-71.06514233333334,12.199999809265137,329946.544845463,4692339.805899831,19,4,T
2022/10/14/22:26:56.434165,0,8818,0,GPS1_Frame,42.364740166666664,-71.06514233333334,12.199999809265137,329946.5443957689,4692339.787392715,19,4,T
2022/10/14/22:26:57.444721,0,8819,0,GPS1_Frame,42.364740166666664,-71.06514233333334,12.199999809265137,329946.5443957689,4692339.787392715,19,4,T
2022/10/14/22:26:58.434286,0,8820,0,GPS1_Frame,42.364740166666664,-71.06514233333334,12.199999809265137,329946.5443957689,4692339.787392715,19,4,T
2022/10/14/22:26:59.445115,0,8821,0,GPS1_Frame,42.364740166666664,-71.06514233333334,12.199999809265137,329946.5443957689,4692339.787392715,19,4,T
2022/10/14/22:27:00.432766,0,8822,0,GPS1_Frame,42.364740333333344,-71.06514233333334,12.199999809265137,329946.544845463,4692339.805899831,19,4,T
2022/10/14/22:27:01.444033,0,8823,0,GPS1_Frame,42.364740333333344,-71.06514233333334,12.199999809265137,329946.544845463,4692339.805899831,19,4,T
2022/10/14/22:27:02.432737,0,8824,0,GPS1_Frame,42.364740333333344,-71.06514233333334,12.199999809265137,329946.544845463,4692339.805899831,19,4,T
2022/10/14/22:27:03.430737,0,8825,0,GPS1_Frame,42.364740333333344,-71.06514233333334,12.199999809265137,329946.544845463,4692339.805899831,19,4,T
2022/10/14/22:27:04.445953,0,8826,0,GPS1_Frame,42.364740166666664,-71.06514233333334,12.199999809265137,329946.5443957689,4692339.787392715,19,4,T
2022/10/14/22:27:05.433217,0,8827,0,GPS1_Frame,42.364740333333344,-71.06514233333334,12.199999809265137,329946.544845463,4692339.805899831,19,4,T
2022/10/14/22:27:06.444276,0,8828,0,GPS1_Frame,42.364740166666664,-71.06514233333334,12.199999809265137,329946.5443957689,4692339.787392715,19,4,T
2022/10/14/22:27:07.439866,0,8829,0,GPS1_Frame,42.364740333333344,-71.06514233333334,12.199999809265137,329946.544845463,4692339.805899831,19,4,T
2022/10/14/22:27:08.435065,0,8830,0,GPS1_Frame,42.364740333333344,-71.06514216666666,12.199999809265137,329946.5585701314,4692339.805566343,19,4,T
2022/10/14/22:27:09.450461,0,8831,0,GPS1_Frame,42.364740333333344,-71.06514216666666,12.199999809265137,329946.5585701314,4692339.805566343,19,4,T
2022/10/14/22:27:10.446023,0,8832,0,GPS1_Frame,42.364740333333344,-71.06514233333334,12.199999809265137,329946.544845463,4692339.805899831,19,4,T
2022/10/14/22:27:11.438816,0,8833,0,GPS1_Frame,42.364740333333344,-71.06514233333334,12.199999809265137,329946.544845463,4692339.805899831,19,4,T
2022/10/14/22:27:12.437621,0,8833,0,GPS1_Frame,42.364740333333344,-71.06514233333334,12.199999809265137,329946.544845463,4692339.805899831,19,4,T
2022/10/14/22:27:13.441667,0,8835,0,GPS1_Frame,42.364740166666664,-71.06514233333334,12.199999809265137,329946.5443957689,4692339.787392715,19,4,T
2022/10/14/22:27:14.430160,0,8836,0,GPS1_Frame,42.364740166666664,-71.06514233333334,12.199999809265137,329946.5443957689,4692339.787392715,19,4,T
2022/10/14/22:27:15.439907,0,8836,0,GPS1_Frame,42.364740166666664,-71.06514233333334,12.199999809265137,329946.5443957689,4692339.787392715,19,4,T
2022/10/14/22:27:16.441133,0,8838,0,GPS1_Frame,42.364740166666664,-71.06514233333334,12.199999809265137,329946.5443957689,4692339.787392715,19,4,T
2022/10/14/22:27:17.446631,0,8839,0,GPS1_Frame,42.364740166666664,-71.06514233333334,12.199999809265137,329946.5443957689,4692339.787392715,19,4,T
2022/10/14/22:27:18.456941,0,8839,0,GPS1_Frame,42.364740166666664,-71.06514233333334,12.199999809265137,329946.5443957689,4692339.787392715,19,4,T
2022/10/14/22:27:19.442767,0,8841,0,GPS1_Frame,42.364740166666664,-71.06514233333334,12.199999809265137,329946.5443957689,4692339.787392715,19,4,T
2022/10/14/22:27:20.455911,0,8842,0,GPS1_Frame,42.364740333333344,-71.06514233333334,12.199999809265137,329946.544845463,4692339.805899831,19,4,T
2022/10/14/22:27:21.445339,0,8842,0,GPS1_Frame,42.364740166666664,-71.06514233333334,12.199999809265137,329946.5443957689,4692339.787392715,19,4,T
2022/10/14/22:27:22.461517,0,8844,0,GPS1_Frame,42.364740333333344,-71.06514233333334,12.199999809265137,329946.544845463,4692339.805899831,19,4,T
2022/10/14/22:27:23.449992,0,8845,0,GPS1_Frame,42.364740333333344,-71.06514233333334,12.199999809265137,329946.544845463,4692339.805899831,19,4,T
2022/10/14/22:27:24.440137,0,8846,0,GPS1_Frame,42.364740166666664,-71.06514233333334,12.199999809265137,329946.5443957689,4692339.787392715,19,4,T
2022/10/14/22:27:25.453840,0,8847,0,GPS1_Frame,42.364740166666664,-71.06514233333334,12.199999809265137,329946.5443957689,4692339.787392715,19,4,T
2022/10/14/22:27:26.449466,0,8848,0,GPS1_Frame,42.364740166666664,-71.06514233333334,12.199999809265137,329946.5443957689,4692339.787392715,19,4,T
2022/10/14/22:27:27.446017,0,8849,0,GPS1_Frame,42.364740166666664,-71.06514233333334,12.199999809265137,329946.5443957689,4692339.787392715,19,4,T
2022/10/14/22:27:28.459360,0,8850,0,GPS1_Frame,42.364740166666664,-71.06514233333334,12.199999809265137,329946.5443957689,4692339.787392715,19,4,T
2022/10/14/22:27:29.451268,0,8851,0,GPS1_Frame,42.364740166666664,-71.06514233333334,12.199999809265137,329946.5443957689,4692339.787392715,19,4,T
2022/10/14/22:27:30.443319,0,8852,0,GPS1_Frame,42.364740166666664,-71.06514233333334,12.199999809265137,329946.5443957689,4692339.787392715,19,4,T
2022/10/14/22:27:31.456856,0,8853,0,GPS1_Frame,42.364740333333344,-71.06514233333334,12.199999809265137,329946.544845463,4692339.805899831,19,4,T
2022/10/14/22:27:32.453440,0,8854,0,GPS1_Frame,42.364740333333344,-71.06514233333334,12.199999809265137,329946.544845463,4692339.805899831,19,4,T
2022/10/14/22:27:33.462934,0,8855,0,GPS1_Frame,42.364740333333344,-71.06514233333334,12.199999809265137,329946.544845463,4692339.805899831,19,4,T
2022/10/14/22:27:34.459575,0,8856,0,GPS1_Frame,42.364740333333344,-71.06514233333334,12.199999809265137,329946.544845463,4692339.805899831,19,4,T
2022/10/14/22:27:35.461970,0,8857,0,GPS1_Frame,42.364740333333344,-71.06514233333334,12.100000381469727,329946.544845463,4692339.805899831,19,4,T
2022/10/14/22:27:36.450629,0,8858,0,GPS1_Frame,42.364740333333344,-71.06514233333334,12.100000381469727,329946.544845463,4692339.805899831,19,4,T
2022/10/14/22:27:37.463527,0,8858,0,GPS1_Frame,42.364740166666664,-71.06514233333334,12.100000381469727,329946.5443957689,4692339.787392715,19,4,T
2022/10/14/22:27:38.450880,0,8860,0,GPS1_Frame,42.364740333333344,-71.06514233333334,12.100000381469727,329946.544845463,4692339.805899831,19,4,T
2022/10/14/22:27:39.453340,0,8861,0,GPS1_Frame,42.364740166666664,-71.06514233333334,12.100000381469727,329946.5443957689,4692339.787392715,19,4,T
2022/10/14/22:27:40.462296,0,8861,0,GPS1_Frame,42.364740166666664,-71.06514233333334,12.100000381469727,329946.5443957689,4692339.787392715,19,4,T
2022/10/14/22:27:41.454032,0,8863,0,GPS1_Frame,42.364740166666664,-71.06514233333334,12.100000381469727,329946.5443957689,4692339.787392715,19,4,T
2022/10/14/22:27:42.465869,0,8864,0,GPS1_Frame,42.364740166666664,-71.06514233333334,12.100000381469727,329946.5443957689,4692339.787392715,19,4,T
2022/10/14/22:27:43.457148,0,8864,0,GPS1_Frame,42.364740166666664,-71.06514233333334,12.100000381469727,329946.5443957689,4692339.787392715,19,4,T
2022/10/14/22:27:44.470176,0,8866,0,GPS1_Frame,42.364740166666664,-71.06514233333334,12.100000381469727,329946.5443957689,4692339.787392715,19,4,T
2022/10/14/22:27:45.467607,0,8867,0,GPS1_Frame,42.364740166666664,-71.06514233333334,12.100000381469727,329946.5443957689,4692339.787392715,19,4,T
2022/10/14/22:27:46.461196,0,8867,0,GPS1_Frame,42.364740166666664,-71.06514233333334,12.199999809265137,329946.5443957689,4692339.787392715,19,4,T
2022/10/14/22:27:47.454586,0,8869,0,GPS1_Frame,42.364740166666664,-71.06514233333334,12.199999809265137,329946.5443957689,4692339.787392715,19,4,T
2022/10/14/22:27:48.461900,0,8870,0,GPS1_Frame,42.364740166666664,-71.06514233333334,12.199999809265137,329946.5443957689,4692339.787392715,19,4,T
2022/10/14/22:27:49.459216,0,8871,0,GPS1_Frame,42.364740166666664,-71.06514233333334,12.199999809265137,329946.5443957689,4692339.787392715,19,4,T
2022/10/14/22:27:50.450401,0,8872,0,GPS1_Frame,42.364740166666664,-71.06514233333334,12.199999809265137,329946.5443957689,4692339.787392715,19,4,T
2022/10/14/22:27:51.464040,0,8873,0,GPS1_Frame,42.364740166666664,-71.06514233333334,12.199999809265137,329946.5443957689,4692339.787392715,19,4,T
2022/10/14/22:27:52.459840,0,8874,0,GPS1_Frame,42.364740166666664,-71.06514233333334,12.100000381469727,329946.5443957689,4692339.787392715,19,4,T
2022/10/14/22:27:53.471781,0,8875,0,GPS1_Frame,42.364740166666664,-71.06514233333334,12.199999809265137,329946.5443957689,4692339.787392715,19,4,T
2022/10/14/22:27:54.464134,0,8876,0,GPS1_Frame,42.364740166666664,-71.06514233333334,12.199999809265137,329946.5443957689,4692339.787392715,19,4,T
2022/10/14/22:27:55.474875,0,8877,0,GPS1_Frame,42.364740166666664,-71.06514233333334,12.100000381469727,329946.5443957689,4692339.787392715,19,4,T
2022/10/14/22:27:56.469157,0,8878,0,GPS1_Frame,42.364740166666664,-71.06514233333334,12.199999809265137,329946.5443957689,4692339.787392715,19,4,T
2022/10/14/22:27:57.459633,0,8879,0,GPS1_Frame,42.364740166666664,-71.06514233333334,12.199999809265137,329946.5443957689,4692339.787392715,19,4,T
2022/10/14/22:27:58.470951,0,8820,0,GPS1_Frame,42.364740166666664,-71.06514233333334,12.100000381469727,329946.5443957689,4692339.787392715,19,4,T
2022/10/14/22:27:59.464534,0,8881,0,GPS1_Frame,42.364740166666664,-71.06514233333334,12.100000381469727,329946.5443957689,4692339.787392715,19,4,T
2022/10/14/22:28:00.478658,0,8882,0,GPS1_Frame,42.364740166666664,-71.06514233333334,12.100000381469727,329946.5443957689,4692339.787392715,19,4,T
2022/10/14/22:28:01.470976,0,8883,0,GPS1_Frame,42.364740166666664,-71.06514233333334,12.100000381469727,329946.5443957689,4692339.787392715,19,4,T
2022/10/14/22:28:02.464778,0,8884,0,GPS1_Frame,42.364740166666664,-71.06514233333334,12.100000381469727,329946.5443957689,4692339.787392715,19,4,T
2022/10/14/22:28:03.462674,0,8885,0,GPS1_Frame,42.364740166666664,-71.06514233333334,12.100000381469727,329946.5443957689,4692339.787392715,19,4,T
2022/10/14/22:28:04.476977,0,8886,0,GPS1_Frame,42.364740166666664,-71.06514233333334,12.100000381469727,329946.5443957689,4692339.787392715,19,4,T
2022/10/14/22:28:05.462468,0,8887,0,GPS1_Frame,42.364740166666664,-71.06514233333334,12.100000381469727,329946.5443957689,4692339.787392715,19,4,T
2022/10/14/22:28:06.478083,0,8888,0,GPS1_Frame,42.36474,-71.06514233333334,12.100000381469727,329946.5439460748,4692339.768885601,19,4,T
2022/10/14/22:28:07.469221,0,8889,0,GPS1_Frame,42.36474,-71.06514233333334,12.100000381469727,329946.5439460748,4692339.768885601,19,4,T
2022/10/14/22:28:08.458720,0,8890,0,GPS1_Frame,42.364740166666664,-71.06514233333334,12.100000381469727,329946.5443957689,4692339.787392715,19,4,T
2022/10/14/22:28:09.474995,0,8891,0,GPS1_Frame,42.36474,-71.06514233333334,12.100000381469727,329946.5439460748,4692339.768885601,19,4,T
2022/10/14/22:28:10.459494,0,8892,0,GPS1_Frame,42.364740166666664,-71.06514233333334,12.100000381469727,329946.5443957689,4692339.787392715,19,4,T
2022/10/14/22:28:11.468742,0,8893,0,GPS1_Frame,42.36474,-71.06514233333334,12.100000381469727,329946.5439460748,4692339.768885601,19,4,T
2022/10/14/22:28:12.479687,0,8893,0,GPS1_Frame,42.364740166666664,-71.06514233333334,12.100000381469727,329946.5443957689,4692339.787392715,19,4,T
2022/10/14/22:28:13.472987,0,8895,0,GPS1_Frame,42.36474,-71.06514233333334,12.100000381469727,329946.5439460748,4692339.768885601,19,4,T
2022/10/14/22:28:14.479433,0,8896,0,GPS1_Frame,42.36474,-71.06514233333334,12.100000381469727,329946.5439460748,4692339.768885601,19,4,T
2022/10/14/22:28:15.472992,0,8896,0,GPS1_Frame,42.36474,-71.06514233333334,12.100000381469727,329946.5439460748,4692339.768885601,19,4,T
2022/10/14/22:28:16.483053,0,8898,0,GPS1_Frame,42.36474,-71.06514233333334,12.100000381469727,329946.5439460748,4692339.768885601,19,4,T
2022/10/14/22:28:17.470067,0,8899,0,GPS1_Frame,42.36474,-71.06514233333334,12.100000381469727,329946.5439460748,4692339.768885601,19,4,T
2022/10/14/22:28:18.476785,0,8899,0,GPS1_Frame,42.36474,-71.06514233333334,12.100000381469727,329946.5439460748,4692339.768885601,19,4,T
2022/10/14/22:28:19.480403,0,8901,0,GPS1_Frame,42.36474,-71.06514233333334,12.100000381469727,329946.5439460748,4692339.768885601,19,4,T
2022/10/14/22:28:20.487962,0,8902,0,GPS1_Frame,42.36474,-71.06514233333334,12.100000381469727,329946.5439460748,4692339.768885601,19,4,T
2022/10/14/22:28:21.485648,0,8902,0,GPS1_Frame,42.36474,-71.06514233333334,12.100000381469727,329946.5439460748,4692339.768885601,19,4,T
2022/10/14/22:28:22.473645,0,8904,0,GPS1_Frame,42.36474,-71.06514233333334,12.100000381469727,329946.5439460748,4692339.768885601,19,4,T
2022/10/14/22:28:23.481004,0,8905,0,GPS1_Frame,42.364740166666664,-71.06514233333334,12.100000381469727,329946.5443957689,4692339.787392715,19,4,T
2022/10/14/22:28:24.493852,0,8906,0,GPS1_Frame,42.36474,-71.06514233333334,12.100000381469727,329946.5439460748,4692339.768885601,19,4,T
2022/10/14/22:28:25.487036,0,8907,0,GPS1_Frame,42.36474,-71.06514233333334,12.100000381469727,329946.5439460748,4692339.768885601,19,4,T
2022/10/14/22:28:26.476628,0,8908,0,GPS1_Frame,42.36474,-71.0651425,12.100000381469727,329946.53022141044,4692339.769219088,19,4,T
2022/10/14/22:28:27.480911,0,8909,0,GPS1_Frame,42.36474,-71.0651425,12.100000381469727,329946.53022141044,4692339.769219088,19,4,T
2022/10/14/22:28:28.478136,0,8910,0,GPS1_Frame,42.36474,-71.0651425,12.100000381469727,329946.53022141044,4692339.769219088,19,4,T
2022/10/14/22:28:29.489422,0,8911,0,GPS1_Frame,42.36474,-71.0651425,12.100000381469727,329946.53022141044,4692339.769219088,19,4,T
2022/10/14/22:28:30.479976,0,8912,0,GPS1_Frame,42.36474,-71.06514233333334,12.100000381469727,329946.5439460748,4692339.768885601,19,4,T
2022/10/14/22:28:31.477872,0,8913,0,GPS1_Frame,42.36474,-71.06514233333334,12.100000381469727,329946.5439460748,4692339.768885601,19,4,T
2022/10/14/22:28:32.497378,0,8914,0,GPS1_Frame,42.364740166666664,-71.06514233333334,12.100000381469727,329946.5443957689,4692339.787392715,19,4,T
2022/10/14/22:28:33.496681,0,8915,0,GPS1_Frame,42.36474,-71.06514233333334,12.100000381469727,329946.5439460748,4692339.768885601,19,4,T
2022/10/14/22:28:34.494090,0,8916,0,GPS1_Frame,42.36474,-71.06514233333334,12.100000381469727,329946.5439460748,4692339.768885601,19,4,T
2022/10/14/22:28:35.477749,0,8917,0,GPS1_Frame,42.36474,-71.06514233333334,12.100000381469727,329946.5439460748,4692339.768885601,19,4,T
2022/10/14/22:28:36.495548,0,8918,0,GPS1_Frame,42.36474,-71.06514233333334,12.100000381469727,329946.5439460748,4692339.768885601,19,4,T
2022/10/14/22:28:37.483700,0,8918,0,GPS1_Frame,42.36474,-71.06514233333334,12.100000381469727,329946.5439460748,4692339.768885601,19,4,T
2022/10/14/22:28:38.491899,0,8920,0,GPS1_Frame,42.36474,-71.06514233333334,12.100000381469727,329946.5439460748,4692339.768885601,19,4,T
2022/10/14/22:28:39.490421,0,8921,0,GPS1_Frame,42.36474,-71.06514233333334,12.100000381469727,329946.5439460748,4692339.768885601,19,4,T
2022/10/14/22:28:40.482223,0,8921,0,GPS1_Frame,42.36474,-71.06514233333334,12.100000381469727,329946.5439460748,4692339.768885601,19,4,T
2022/10/14/22:28:41.494009,0,8923,0,GPS1_Frame,42.36474,-71.06514233333334,12.100000381469727,329946.5439460748,4692339.768885601,19,4,T
2022/10/14/22:28:42.486003,0,8924,0,GPS1_Frame,42.36474,-71.06514233333334,12.100000381469727,329946.5439460748,4692339.768885601,19,4,T
2022/10/14/22:28:43.498876,0,8924,0,GPS1_Frame,42.36474,-71.06514233333334,12.100000381469727,329946.5439460748,4692339.768885601,19,4,T
2022/10/14/22:28:44.487231,0,8926,0,GPS1_Frame,42.36474,-71.06514233333334,12.100000381469727,329946.5439460748,4692339.768885601,19,4,T
2022/10/14/22:28:45.501766,0,8927,0,GPS1_Frame,42.36474,-71.06514233333334,12.100000381469727,329946.5439460748,4692339.768885601,19,4,T
2022/10/14/22:28:46.491516,0,8927,0,GPS1_Frame,42.36474,-71.06514233333334,12.100000381469727,329946.5439460748,4692339.768885601,19,4,T
2022/10/14/22:28:47.504470,0,8929,0,GPS1_Frame,42.36474,-71.06514233333334,12.100000381469727,329946.5439460748,4692339.768885601,19,4,T
2022/10/14/22:28:48.491699,0,8930,0,GPS1_Frame,42.36474,-71.06514233333334,12.100000381469727,329946.5439460748,4692339.768885601,19,4,T
2022/10/14/22:28:49.488739,0,8931,0,GPS1_Frame,42.36474,-71.06514233333334,12.100000381469727,329946.5439460748,4692339.768885601,19,4,T
2022/10/14/22:28:50.501767,0,8932,0,GPS1_Frame,42.364740166666664,-71.06514233333334,12.100000381469727,329946.5443957689,4692339.787392715,19,4,T
2022/10/14/22:28:51.495717,0,8933,0,GPS1_Frame,42.36474,-71.06514233333334,12.100000381469727,329946.5439460748,4692339.768885601,19,4,T
2022/10/14/22:28:52.495877,0,8934,0,GPS1_Frame,42.36474,-71.06514233333334,12.100000381469727,329946.5439460748,4692339.768885601,19,4,T
2022/10/14/22:28:53.493523,0,8935,0,GPS1_Frame,42.36474,-71.06514233333334,12.100000381469727,329946.5439460748,4692339.768885601,19,4,T
2022/10/14/22:28:54.507248,0,8936,0,GPS1_Frame,42.36474,-71.06514233333334,12.100000381469727,329946.5439460748,4692339.768885601,19,4,T
2022/10/14/22:28:55.502370,0,8937,0,GPS1_Frame,42.36474,-71.06514233333334,12.100000381469727,329946.5439460748,4692339.768885601,19,4,T
2022/10/14/22:28:56.493580,0,8938,0,GPS1_Frame,42.36474,-71.06514233333334,12.100000381469727,329946.5439460748,4692339.768885601,19,4,T
2022/10/14/22:28:57.494861,0,8939,0,GPS1_Frame,42.36474,-71.06514233333334,12.100000381469727,329946.5439460748,4692339.768885601,19,4,T
2022/10/14/22:28:58.506680,0,8940,0,GPS1_Frame,42.36474,-71.06514233333334,12.100000381469727,329946.5439460748,4692339.768885601,19,4,T
2022/10/14/22:28:59.504485,0,8941,0,GPS1_Frame,42.36474,-71.06514233333334,12.100000381469727,329946.5439460748,4692339.768885601,19,4,T
2022/10/14/22:29:00.497510,0,8942,0,GPS1_Frame,42.364740166666664,-71.06514233333334,12.100000381469727,329946.5443957689,4692339.787392715,19,4,T
2022/10/14/22:29:01.507774,0,8943,0,GPS1_Frame,42.364740166666664,-71.06514233333334,12.100000381469727,329946.5443957689,4692339.787392715,19,4,T
2022/10/14/22:29:02.498942,0,8944,0,GPS1_Frame,42.364740166666664,-71.06514233333334,12.100000381469727,329946.5443957689,4692339.787392715,19,4,T
2022/10/14/22:29:03.513069,0,8945,0,GPS1_Frame,42.364740166666664,-71.06514233333334,12.100000381469727,329946.5443957689,4692339.787392715,19,4,T
2022/10/14/22:29:04.503270,0,8946,0,GPS1_Frame,42.36474,-71.06514233333334,12.100000381469727,329946.5439460748,4692339.768885601,19,4,T
2022/10/14/22:29:05.502551,0,8947,0,GPS1_Frame,42.364740166666664,-71.06514233333334,12.100000381469727,329946.5443957689,4692339.787392715,19,4,T
2022/10/14/22:29:06.508783,0,8948,0,GPS1_Frame,42.364740166666664,-71.06514233333334,12.100000381469727,329946.5443957689,4692339.787392715,19,4,T
2022/10/14/22:29:07.496348,0,8949,0,GPS1_Frame,42.364740166666664,-71.06514233333334,12.100000381469727,329946.5443957689,4692339.787392715,19,4,T
2022/10/14/22:29:08.502058,0,8950,0,GPS1_Frame,42.364740166666664,-71.06514233333334,12.100000381469727,329946.5443957689,4692339.787392715,19,4,T
2022/10/14/22:29:09.495569,0,8951,0,GPS1_Frame,42.364740166666664,-71.06514233333334,12.100000381469727,329946.5443957689,4692339.787392715,19,4,T
2022/10/14/22:29:10.511203,0,8952,0,GPS1_Frame,42.36474,-71.06514233333334,12.100000381469727,329946.5439460748,4692339.768885601,19,4,T
2022/10/14/22:29:11.501208,0,8953,0,GPS1_Frame,42.364740166666664,-71.06514233333334,12.100000381469727,329946.5443957689,4692339.787392715,19,4,T
2022/10/14/22:29:12.493397,0,8953,0,GPS1_Frame,42.36474,-71.06514233333334,12.100000381469727,329946.5439460748,4692339.768885601,19,4,T
2022/10/14/22:29:13.509167,0,8955,0,GPS1_Frame,42.36474,-71.06514233333334,12.100000381469727,329946.5439460748,4692339.768885601,19,4,T
2022/10/14/22:29:14.519403,0,8956,0,GPS1_Frame,42.36474,-71.06514233333334,12.100000381469727,329946.5439460748,4692339.768885601,19,4,T
2022/10/14/22:29:15.515158,0,8956,0,GPS1_Frame,42.36474,-71.06514233333334,12.100000381469727,329946.5439460748,4692339.768885601,19,4,T
2022/10/14/22:29:16.509506,0,8958,0,GPS1_Frame,42.364740166666664,-71.06514233333334,12.100000381469727,329946.5443957689,4692339.787392715,19,4,T
2022/10/14/22:29:17.501288,0,8959,0,GPS1_Frame,42.364740166666664,-71.06514233333334,12.100000381469727,329946.5443957689,4692339.787392715,19,4,T
2022/10/14/22:29:18.513486,0,8959,0,GPS1_Frame,42.364740166666664,-71.06514233333334,12.100000381469727,329946.5443957689,4692339.787392715,19,4,T
2022/10/14/22:29:19.516130,0,8961,0,GPS1_Frame,42.364740166666664,-71.06514233333334,12.100000381469727,329946.5443957689,4692339.787392715,19,4,T
2022/10/14/22:29:20.509713,0,8962,0,GPS1_Frame,42.364740166666664,-71.06514233333334,12.100000381469727,329946.5443957689,4692339.787392715,19,4,T
2022/10/14/22:29:21.504087,0,8962,0,GPS1_Frame,42.36474,-71.06514233333334,12.100000381469727,329946.5439460748,4692339.768885601,19,4,T
2022/10/14/22:29:22.513374,0,8964,0,GPS1_Frame,42.36474,-71.06514233333334,12.100000381469727,329946.5439460748,4692339.768885601,19,4,T
2022/10/14/22:29:23.502807,0,8965,0,GPS1_Frame,42.36474,-71.06514233333334,12.100000381469727,329946.5439460748,4692339.768885601,19,4,T
2022/10/14/22:29:24.514707,0,8966,0,GPS1_Frame,42.36474,-71.06514233333334,12.100000381469727,329946.5439460748,4692339.768885601,19,4,T
2022/10/14/22:29:26.011165,0,8967,0,GPS1_Frame,42.36474,-71.06514233333334,12.100000381469727,329946.5439460748,4692339.768885601,19,4,T
2022/10/14/22:29:26.519036,0,8968,0,GPS1_Frame,42.36474,-71.06514233333334,12.100000381469727,329946.5439460748,4692339.768885601,19,4,T
2022/10/14/22:29:27.506497,0,8969,0,GPS1_Frame,42.36474,-71.06514233333334,12.100000381469727,329946.5439460748,4692339.768885601,19,4,T
2022/10/14/22:29:28.505836,0,8970,0,GPS1_Frame,42.36474,-71.06514233333334,12.100000381469727,329946.5439460748,4692339.768885601,19,4,T
2022/10/14/22:29:29.516690,0,8971,0,GPS1_Frame,42.36474,-71.06514233333334,12.100000381469727,329946.5439460748,4692339.768885601,19,4,T
2022/10/14/22:29:30.507944,0,8972,0,GPS1_Frame,42.36474,-71.06514233333334,12.100000381469727,329946.5439460748,4692339.768885601,19,4,T
2022/10/14/22:29:31.523688,0,8973,0,GPS1_Frame,42.36474,-71.06514233333334,12.100000381469727,329946.5439460748,4692339.768885601,19,4,T
2022/10/14/22:29:32.515579,0,8974,0,GPS1_Frame,42.36474,-71.06514233333334,12.100000381469727,329946.5439460748,4692339.768885601,19,4,T
2022/10/14/22:29:33.521005,0,8975,0,GPS1_Frame,42.364740166666664,-71.06514233333334,12.100000381469727,329946.5443957689,4692339.787392715,19,4,T
2022/10/14/22:29:34.508666,0,8976,0,GPS1_Frame,42.364740166666664,-71.06514233333334,12.100000381469727,329946.5443957689,4692339.787392715,19,4,T
2022/10/14/22:29:35.528232,0,8977,0,GPS1_Frame,42.364740166666664,-71.0651425,12.100000381469727,329946.53067110456,4692339.787726203,19,4,T
2022/10/14/22:29:36.514582,0,8978,0,GPS1_Frame,42.364740166666664,-71.0651425,12.100000381469727,329946.53067110456,4692339.787726203,19,4,T
2022/10/14/22:29:37.519269,0,8978,0,GPS1_Frame,42.36474,-71.06514233333334,12.100000381469727,329946.5439460748,4692339.768885601,19,4,T
2022/10/14/22:29:38.515832,0,8980,0,GPS1_Frame,42.36474,-71.06514233333334,12.100000381469727,329946.5439460748,4692339.768885601,19,4,T
2022/10/14/22:29:39.534629,0,8981,0,GPS1_Frame,42.36474,-71.0651425,12.100000381469727,329946.53022141044,4692339.769219088,19,4,T
2022/10/14/22:29:40.522663,0,8981,0,GPS1_Frame,42.36474,-71.0651425,12.100000381469727,329946.53022141044,4692339.769219088,19,4,T
2022/10/14/22:29:41.503842,0,8983,0,GPS1_Frame,42.36474,-71.0651425,12.100000381469727,329946.53022141044,4692339.769219088,19,4,T
2022/10/14/22:29:42.521306,0,8984,0,GPS1_Frame,42.36474,-71.0651425,12.100000381469727,329946.53022141044,4692339.769219088,19,4,T
2022/10/14/22:29:43.519476,0,8984,0,GPS1_Frame,42.36474,-71.0651425,12.100000381469727,329946.53022141044,4692339.769219088,19,4,T
2022/10/14/22:29:44.525701,0,8986,0,GPS1_Frame,42.36474,-71.0651425,12.100000381469727,329946.53022141044,4692339.769219088,19,4,T
2022/10/14/22:29:45.515740,0,8987,0,GPS1_Frame,42.36474,-71.0651425,12.100000381469727,329946.53022141044,4692339.769219088,19,4,T
2022/10/14/22:29:46.535226,0,8987,0,GPS1_Frame,42.36474,-71.0651425,12.100000381469727,329946.53022141044,4692339.769219088,19,4,T
2022/10/14/22:29:47.515800,0,8989,0,GPS1_Frame,42.36474,-71.0651425,12.100000381469727,329946.53022141044,4692339.769219088,19,4,T
2022/10/14/22:29:48.531582,0,8990,0,GPS1_Frame,42.36474,-71.0651425,12.100000381469727,329946.53022141044,4692339.769219088,19,4,T
2022/10/14/22:29:49.520714,0,8991,0,GPS1_Frame,42.36474,-71.0651425,12.100000381469727,329946.53022141044,4692339.769219088,19,4,T
2022/10/14/22:29:50.528226,0,8992,0,GPS1_Frame,42.36474,-71.0651425,12.100000381469727,329946.53022141044,4692339.769219088,19,4,T
2022/10/14/22:29:51.539868,0,8993,0,GPS1_Frame,42.36474,-71.0651425,12.100000381469727,329946.53022141044,4692339.769219088,19,4,T
2022/10/14/22:29:52.537347,0,8994,0,GPS1_Frame,42.364740166666664,-71.06514233333334,12.100000381469727,329946.5443957689,4692339.787392715,19,4,T
2022/10/14/22:29:53.526769,0,8995,0,GPS1_Frame,42.364740166666664,-71.06514233333334,12.100000381469727,329946.5443957689,4692339.787392715,19,4,T
2022/10/14/22:29:54.534045,0,8996,0,GPS1_Frame,42.36474,-71.06514233333334,12.100000381469727,329946.5439460748,4692339.768885601,19,4,T
2022/10/14/22:29:55.537264,0,8997,0,GPS1_Frame,42.36474,-71.06514233333334,12.100000381469727,329946.5439460748,4692339.768885601,19,4,T
2022/10/14/22:29:56.527633,0,8998,0,GPS1_Frame,42.36474,-71.06514233333334,12.100000381469727,329946.5439460748,4692339.768885601,19,4,T
2022/10/14/22:29:57.526312,0,8999,0,GPS1_Frame,42.36474,-71.06514233333334,12.100000381469727,329946.5439460748,4692339.768885601,19,4,T
2022/10/14/22:29:58.530011,0,8940,0,GPS1_Frame,42.36474,-71.06514233333334,12.100000381469727,329946.5439460748,4692339.768885601,19,4,T
2022/10/14/22:29:59.519804,0,9001,0,GPS1_Frame,42.36474,-71.06514233333334,12.100000381469727,329946.5439460748,4692339.768885601,19,4,T
2022/10/14/22:30:00.533378,0,9002,0,GPS1_Frame,42.36474,-71.06514233333334,12.100000381469727,329946.5439460748,4692339.768885601,19,4,T
2022/10/14/22:30:01.530588,0,9003,0,GPS1_Frame,42.36474,-71.06514233333334,12.100000381469727,329946.5439460748,4692339.768885601,19,4,T
2022/10/14/22:30:02.542737,0,9004,0,GPS1_Frame,42.364740166666664,-71.06514233333334,12.100000381469727,329946.5443957689,4692339.787392715,19,4,T
2022/10/14/22:30:03.535619,0,9005,0,GPS1_Frame,42.36474,-71.06514233333334,12.100000381469727,329946.5439460748,4692339.768885601,19,4,T
2022/10/14/22:30:04.520772,0,9006,0,GPS1_Frame,42.36474,-71.06514233333334,12.100000381469727,329946.5439460748,4692339.768885601,19,4,T
2022/10/14/22:30:05.526129,0,9007,0,GPS1_Frame,42.36474,-71.06514233333334,12.100000381469727,329946.5439460748,4692339.768885601,19,4,T
2022/10/14/22:30:06.529985,0,9008,0,GPS1_Frame,42.36474,-71.06514233333334,12.100000381469727,329946.5439460748,4692339.768885601,19,4,T
2022/10/14/22:30:07.553866,0,9009,0,GPS1_Frame,42.36474,-71.06514233333334,12.100000381469727,329946.5439460748,4692339.768885601,19,4,T
2022/10/14/22:30:08.555405,0,9010,0,GPS1_Frame,42.36474,-71.06514233333334,12.100000381469727,329946.5439460748,4692339.768885601,19,4,T
2022/10/14/22:30:09.538635,0,9011,0,GPS1_Frame,42.36474,-71.06514233333334,12.100000381469727,329946.5439460748,4692339.768885601,19,4,T
2022/10/14/22:30:10.533973,0,9012,0,GPS1_Frame,42.36474,-71.06514233333334,12.100000381469727,329946.5439460748,4692339.768885601,19,4,T
2022/10/14/22:30:11.529199,0,9013,0,GPS1_Frame,42.364740166666664,-71.06514233333334,12.100000381469727,329946.5443957689,4692339.787392715,19,4,T
2022/10/14/22:30:12.537670,0,9013,0,GPS1_Frame,42.364740166666664,-71.06514233333334,12.100000381469727,329946.5443957689,4692339.787392715,19,4,T
2022/10/14/22:30:13.533871,0,9015,0,GPS1_Frame,42.364740166666664,-71.06514233333334,12.100000381469727,329946.5443957689,4692339.787392715,19,4,T
2022/10/14/22:30:14.525843,0,9016,0,GPS1_Frame,42.36474,-71.06514233333334,12.100000381469727,329946.5439460748,4692339.768885601,19,4,T
2022/10/14/22:30:15.536432,0,9016,0,GPS1_Frame,42.36474,-71.06514233333334,12.100000381469727,329946.5439460748,4692339.768885601,19,4,T
2022/10/14/22:30:16.557102,0,9018,0,GPS1_Frame,42.36474,-71.06514233333334,12.100000381469727,329946.5439460748,4692339.768885601,19,4,T
2022/10/14/22:30:17.533299,0,9019,0,GPS1_Frame,42.36474,-71.06514233333334,12.100000381469727,329946.5439460748,4692339.768885601,19,4,T
2022/10/14/22:30:18.540806,0,9019,0,GPS1_Frame,42.36474,-71.06514233333334,12.100000381469727,329946.5439460748,4692339.768885601,19,4,T
2022/10/14/22:30:19.549877,0,9021,0,GPS1_Frame,42.36474,-71.06514233333334,12.100000381469727,329946.5439460748,4692339.768885601,19,4,T
2022/10/14/22:30:20.556357,0,9022,0,GPS1_Frame,42.36474,-71.06514233333334,12.100000381469727,329946.5439460748,4692339.768885601,19,4,T
2022/10/14/22:30:21.547920,0,9022,0,GPS1_Frame,42.36474,-71.06514233333334,12.100000381469727,329946.5439460748,4692339.768885601,19,4,T
2022/10/14/22:30:22.547290,0,9024,0,GPS1_Frame,42.36474,-71.06514233333334,12.100000381469727,329946.5439460748,4692339.768885601,19,4,T
2022/10/14/22:30:23.540807,0,9025,0,GPS1_Frame,42.36474,-71.06514233333334,12.100000381469727,329946.5439460748,4692339.768885601,19,4,T
2022/10/14/22:30:24.552857,0,9026,0,GPS1_Frame,42.36474,-71.06514233333334,12.100000381469727,329946.5439460748,4692339.768885601,19,4,T
2022/10/14/22:30:25.539806,0,9027,0,GPS1_Frame,42.36474,-71.06514233333334,12.100000381469727,329946.5439460748,4692339.768885601,19,4,T
2022/10/14/22:30:26.537780,0,9028,0,GPS1_Frame,42.36474,-71.06514233333334,12.100000381469727,329946.5439460748,4692339.768885601,19,4,T
2022/10/14/22:30:27.558103,0,9029,0,GPS1_Frame,42.36474,-71.06514233333334,12.100000381469727,329946.5439460748,4692339.768885601,19,4,T
2022/10/14/22:30:28.550870,0,9030,0,GPS1_Frame,42.36474,-71.06514233333334,12.100000381469727,329946.5439460748,4692339.768885601,19,4,T
2022/10/14/22:30:29.546848,0,9031,0,GPS1_Frame,42.36474,-71.06514233333334,12.100000381469727,329946.5439460748,4692339.768885601,19,4,T
2022/10/14/22:30:30.542711,0,9032,0,GPS1_Frame,42.36474,-71.06514233333334,12.100000381469727,329946.5439460748,4692339.768885601,19,4,T
2022/10/14/22:30:31.551474,0,9033,0,GPS1_Frame,42.36474,-71.06514233333334,12.100000381469727,329946.5439460748,4692339.768885601,19,4,T
2022/10/14/22:30:32.544037,0,9034,0,GPS1_Frame,42.36474,-71.06514233333334,12.100000381469727,329946.5439460748,4692339.768885601,19,4,T
2022/10/14/22:30:33.560062,0,9035,0,GPS1_Frame,42.36474,-71.06514233333334,12.100000381469727,329946.5439460748,4692339.768885601,19,4,T
2022/10/14/22:30:34.543684,0,9036,0,GPS1_Frame,42.36474,-71.06514233333334,12.100000381469727,329946.5439460748,4692339.768885601,19,4,T
2022/10/14/22:30:35.545152,0,9037,0,GPS1_Frame,42.36474,-71.0651425,12.100000381469727,329946.53022141044,4692339.769219088,19,4,T
2022/10/14/22:30:36.560008,0,9038,0,GPS1_Frame,42.36474,-71.06514233333334,12.100000381469727,329946.5439460748,4692339.768885601,19,4,T
2022/10/14/22:30:37.551227,0,9038,0,GPS1_Frame,42.36474,-71.06514233333334,12.100000381469727,329946.5439460748,4692339.768885601,19,4,T
2022/10/14/22:30:38.552562,0,9040,0,GPS1_Frame,42.36474,-71.06514233333334,12.100000381469727,329946.5439460748,4692339.768885601,19,4,T
2022/10/14/22:30:39.557866,0,9041,0,GPS1_Frame,42.36474,-71.06514233333334,12.100000381469727,329946.5439460748,4692339.768885601,19,4,T
2022/10/14/22:30:40.555866,0,9041,0,GPS1_Frame,42.36474,-71.0651425,12.100000381469727,329946.53022141044,4692339.769219088,19,4,T
2022/10/14/22:30:41.546307,0,9043,0,GPS1_Frame,42.36474,-71.06514233333334,12.100000381469727,329946.5439460748,4692339.768885601,19,4,T
2022/10/14/22:30:42.547533,0,9044,0,GPS1_Frame,42.36474,-71.0651425,12.100000381469727,329946.53022141044,4692339.769219088,19,4,T
2022/10/14/22:30:43.563700,0,9044,0,GPS1_Frame,42.36474,-71.0651425,12.100000381469727,329946.53022141044,4692339.769219088,19,4,T
2022/10/14/22:30:44.564377,0,9046,0,GPS1_Frame,42.36474,-71.06514233333334,12.100000381469727,329946.5439460748,4692339.768885601,19,4,T
2022/10/14/22:30:45.554934,0,9047,0,GPS1_Frame,42.36474,-71.06514233333334,12.100000381469727,329946.5439460748,4692339.768885601,19,4,T
2022/10/14/22:30:46.554561,0,9047,0,GPS1_Frame,42.36474,-71.0651425,12.100000381469727,329946.53022141044,4692339.769219088,19,4,T
2022/10/14/22:30:47.571696,0,9049,0,GPS1_Frame,42.36474,-71.06514233333334,12.199999809265137,329946.5439460748,4692339.768885601,19,4,T
2022/10/14/22:30:48.566587,0,9050,0,GPS1_Frame,42.36474,-71.06514233333334,12.199999809265137,329946.5439460748,4692339.768885601,19,4,T
2022/10/14/22:30:49.561223,0,9051,0,GPS1_Frame,42.36474,-71.06514233333334,12.199999809265137,329946.5439460748,4692339.768885601,19,4,T
2022/10/14/22:30:50.558388,0,9052,0,GPS1_Frame,42.36474,-71.06514233333334,12.100000381469727,329946.5439460748,4692339.768885601,19,4,T
2022/10/14/22:30:51.558829,0,9053,0,GPS1_Frame,42.36474,-71.06514233333334,12.100000381469727,329946.5439460748,4692339.768885601,19,4,T
2022/10/14/22:30:52.553383,0,9054,0,GPS1_Frame,42.36474,-71.06514233333334,12.100000381469727,329946.5439460748,4692339.768885601,19,4,T
2022/10/14/22:30:53.568779,0,9055,0,GPS1_Frame,42.36474,-71.06514233333334,12.100000381469727,329946.5439460748,4692339.768885601,19,4,T
2022/10/14/22:30:54.561092,0,9056,0,GPS1_Frame,42.36474,-71.06514233333334,12.100000381469727,329946.5439460748,4692339.768885601,19,4,T
2022/10/14/22:30:55.554726,0,9057,0,GPS1_Frame,42.36474,-71.06514233333334,12.100000381469727,329946.5439460748,4692339.768885601,19,4,T
2022/10/14/22:30:56.569261,0,9058,0,GPS1_Frame,42.36474,-71.06514233333334,12.100000381469727,329946.5439460748,4692339.768885601,19,4,T
2022/10/14/22:30:57.563511,0,9059,0,GPS1_Frame,42.36474,-71.06514233333334,12.100000381469727,329946.5439460748,4692339.768885601,19,4,T
2022/10/14/22:30:58.553050,0,9060,0,GPS1_Frame,42.36474,-71.06514233333334,12.100000381469727,329946.5439460748,4692339.768885601,19,4,T
2022/10/14/22:30:59.547681,0,9061,0,GPS1_Frame,42.36474,-71.06514233333334,12.100000381469727,329946.5439460748,4692339.768885601,19,4,T
2022/10/14/22:31:00.564521,0,9062,0,GPS1_Frame,42.36474,-71.06514233333334,12.100000381469727,329946.5439460748,4692339.768885601,19,4,T
2022/10/14/22:31:01.556766,0,9063,0,GPS1_Frame,42.36474,-71.06514233333334,12.100000381469727,329946.5439460748,4692339.768885601,19,4,T
2022/10/14/22:31:02.576956,0,9064,0,GPS1_Frame,42.36474,-71.06514233333334,12.100000381469727,329946.5439460748,4692339.768885601,19,4,T
2022/10/14/22:31:03.567694,0,9065,0,GPS1_Frame,42.36474,-71.06514233333334,12.100000381469727,329946.5439460748,4692339.768885601,19,4,T
2022/10/14/22:31:04.573893,0,9066,0,GPS1_Frame,42.36474,-71.06514233333334,12.100000381469727,329946.5439460748,4692339.768885601,19,4,T
2022/10/14/22:31:05.559263,0,9067,0,GPS1_Frame,42.36474,-71.06514233333334,12.100000381469727,329946.5439460748,4692339.768885601,19,4,T
2022/10/14/22:31:06.569158,0,9068,0,GPS1_Frame,42.36474,-71.06514233333334,12.100000381469727,329946.5439460748,4692339.768885601,19,4,T
2022/10/14/22:31:07.558967,0,9069,0,GPS1_Frame,42.36474,-71.06514233333334,12.100000381469727,329946.5439460748,4692339.768885601,19,4,T
2022/10/14/22:31:08.551636,0,9070,0,GPS1_Frame,42.36474,-71.06514233333334,12.100000381469727,329946.5439460748,4692339.768885601,19,4,T
2022/10/14/22:31:09.577770,0,9071,0,GPS1_Frame,42.36474,-71.06514233333334,12.100000381469727,329946.5439460748,4692339.768885601,19,4,T
2022/10/14/22:31:10.569549,0,9072,0,GPS1_Frame,42.36474,-71.06514233333334,12.100000381469727,329946.5439460748,4692339.768885601,19,4,T
2022/10/14/22:31:11.564692,0,9073,0,GPS1_Frame,42.36474,-71.06514233333334,12.100000381469727,329946.5439460748,4692339.768885601,19,4,T
2022/10/14/22:31:12.576215,0,9073,0,GPS1_Frame,42.36474,-71.06514233333334,12.100000381469727,329946.5439460748,4692339.768885601,19,4,T
2022/10/14/22:31:13.569858,0,9075,0,GPS1_Frame,42.364740166666664,-71.06514233333334,12.100000381469727,329946.5443957689,4692339.787392715,19,4,T
2022/10/14/22:31:14.574611,0,9076,0,GPS1_Frame,42.364740166666664,-71.06514233333334,12.100000381469727,329946.5443957689,4692339.787392715,19,4,T
2022/10/14/22:31:15.560826,0,9076,0,GPS1_Frame,42.36474,-71.06514233333334,12.100000381469727,329946.5439460748,4692339.768885601,19,4,T
2022/10/14/22:31:16.576531,0,9078,0,GPS1_Frame,42.36474,-71.06514233333334,12.100000381469727,329946.5439460748,4692339.768885601,19,4,T
2022/10/14/22:31:17.569255,0,9079,0,GPS1_Frame,42.36474,-71.06514233333334,12.100000381469727,329946.5439460748,4692339.768885601,19,4,T
2022/10/14/22:31:18.581181,0,9079,0,GPS1_Frame,42.36474,-71.06514233333334,12.100000381469727,329946.5439460748,4692339.768885601,19,4,T
2022/10/14/22:31:19.574041,0,9081,0,GPS1_Frame,42.36474,-71.06514233333334,12.100000381469727,329946.5439460748,4692339.768885601,19,4,T
2022/10/14/22:31:20.570855,0,9082,0,GPS1_Frame,42.36474,-71.06514233333334,12.100000381469727,329946.5439460748,4692339.768885601,19,4,T
2022/10/14/22:31:21.567155,0,9082,0,GPS1_Frame,42.36474,-71.06514233333334,12.100000381469727,329946.5439460748,4692339.768885601,19,4,T
2022/10/14/22:31:22.570694,0,9084,0,GPS1_Frame,42.36474,-71.06514233333334,12.100000381469727,329946.5439460748,4692339.768885601,19,4,T
2022/10/14/22:31:23.583244,0,9085,0,GPS1_Frame,42.36474,-71.06514233333334,12.100000381469727,329946.5439460748,4692339.768885601,19,4,T
2022/10/14/22:31:24.580800,0,9086,0,GPS1_Frame,42.36474,-71.06514233333334,12.100000381469727,329946.5439460748,4692339.768885601,19,4,T
2022/10/14/22:31:25.570577,0,9087,0,GPS1_Frame,42.36474,-71.06514233333334,12.100000381469727,329946.5439460748,4692339.768885601,19,4,T
2022/10/14/22:31:26.562978,0,9088,0,GPS1_Frame,42.36474,-71.06514233333334,12.100000381469727,329946.5439460748,4692339.768885601,19,4,T
2022/10/14/22:31:27.581731,0,9089,0,GPS1_Frame,42.36474,-71.06514233333334,12.100000381469727,329946.5439460748,4692339.768885601,19,4,T
2022/10/14/22:31:28.576706,0,9090,0,GPS1_Frame,42.36474,-71.06514233333334,12.100000381469727,329946.5439460748,4692339.768885601,19,4,T
2022/10/14/22:31:29.574156,0,9091,0,GPS1_Frame,42.36474,-71.06514233333334,12.100000381469727,329946.5439460748,4692339.768885601,19,4,T
2022/10/14/22:31:30.569644,0,9092,0,GPS1_Frame,42.36474,-71.06514233333334,12.100000381469727,329946.5439460748,4692339.768885601,19,4,T
2022/10/14/22:31:31.589653,0,9093,0,GPS1_Frame,42.36474,-71.06514233333334,12.100000381469727,329946.5439460748,4692339.768885601,19,4,T
2022/10/14/22:31:32.578082,0,9094,0,GPS1_Frame,42.36474,-71.06514233333334,12.100000381469727,329946.5439460748,4692339.768885601,19,4,T
2022/10/14/22:31:33.583664,0,9095,0,GPS1_Frame,42.36474,-71.06514233333334,12.100000381469727,329946.5439460748,4692339.768885601,19,4,T
2022/10/14/22:31:34.578058,0,9096,0,GPS1_Frame,42.36473983333334,-71.0651425,12.100000381469727,329946.52977171645,4692339.750711975,19,4,T
2022/10/14/22:31:35.574959,0,9097,0,GPS1_Frame,42.36474,-71.06514233333334,12.100000381469727,329946.5439460748,4692339.768885601,19,4,T
2022/10/14/22:31:36.586661,0,9098,0,GPS1_Frame,42.36474,-71.06514233333334,12.100000381469727,329946.5439460748,4692339.768885601,19,4,T
2022/10/14/22:31:37.571775,0,9098,0,GPS1_Frame,42.36474,-71.06514233333334,12.100000381469727,329946.5439460748,4692339.768885601,19,4,T
2022/10/14/22:31:38.583762,0,9100,0,GPS1_Frame,42.36474,-71.06514233333334,12.100000381469727,329946.5439460748,4692339.768885601,19,4,T
2022/10/14/22:31:39.576808,0,9101,0,GPS1_Frame,42.36474,-71.06514233333334,12.100000381469727,329946.5439460748,4692339.768885601,19,4,T
2022/10/14/22:31:40.590077,0,9101,0,GPS1_Frame,42.36474,-71.06514233333334,12.100000381469727,329946.5439460748,4692339.768885601,19,4,T
2022/10/14/22:31:41.575678,0,9103,0,GPS1_Frame,42.36474,-71.06514233333334,12.100000381469727,329946.5439460748,4692339.768885601,19,4,T
2022/10/14/22:31:42.589170,0,9104,0,GPS1_Frame,42.36474,-71.06514233333334,12.100000381469727,329946.5439460748,4692339.768885601,19,4,T
2022/10/14/22:31:43.577693,0,9104,0,GPS1_Frame,42.36474,-71.06514233333334,12.100000381469727,329946.5439460748,4692339.768885601,19,4,T
2022/10/14/22:31:44.575184,0,9106,0,GPS1_Frame,42.36474,-71.06514233333334,12.100000381469727,329946.5439460748,4692339.768885601,19,4,T
2022/10/14/22:31:45.586506,0,9107,0,GPS1_Frame,42.36474,-71.06514233333334,12.100000381469727,329946.5439460748,4692339.768885601,19,4,T
2022/10/14/22:31:46.585673,0,9107,0,GPS1_Frame,42.36474,-71.06514233333334,12.100000381469727,329946.5439460748,4692339.768885601,19,4,T
2022/10/14/22:31:47.581209,0,9109,0,GPS1_Frame,42.36474,-71.06514233333334,12.100000381469727,329946.5439460748,4692339.768885601,19,4,T
2022/10/14/22:31:48.593302,0,9110,0,GPS1_Frame,42.36474,-71.06514233333334,12.100000381469727,329946.5439460748,4692339.768885601,19,4,T
2022/10/14/22:31:49.590271,0,9111,0,GPS1_Frame,42.36474,-71.06514233333334,12.100000381469727,329946.5439460748,4692339.768885601,19,4,T
2022/10/14/22:31:50.583219,0,9112,0,GPS1_Frame,42.36474,-71.06514233333334,12.100000381469727,329946.5439460748,4692339.768885601,19,4,T
2022/10/14/22:31:51.590890,0,9113,0,GPS1_Frame,42.36474,-71.06514233333334,12.100000381469727,329946.5439460748,4692339.768885601,19,4,T
2022/10/14/22:31:52.587273,0,9114,0,GPS1_Frame,42.36474,-71.06514233333334,12.100000381469727,329946.5439460748,4692339.768885601,19,4,T
2022/10/14/22:31:53.585356,0,9115,0,GPS1_Frame,42.36474,-71.06514233333334,12.100000381469727,329946.5439460748,4692339.768885601,19,4,T
2022/10/14/22:31:54.595888,0,9116,0,GPS1_Frame,42.36474,-71.06514233333334,12.100000381469727,329946.5439460748,4692339.768885601,19,4,T
2022/10/14/22:31:55.605329,0,9117,0,GPS1_Frame,42.36474,-71.06514233333334,12.100000381469727,329946.5439460748,4692339.768885601,19,4,T
2022/10/14/22:31:56.582346,0,9118,0,GPS1_Frame,42.36474,-71.06514233333334,12.100000381469727,329946.5439460748,4692339.768885601,19,4,T
2022/10/14/22:31:57.601336,0,9119,0,GPS1_Frame,42.36474,-71.06514233333334,12.100000381469727,329946.5439460748,4692339.768885601,19,4,T
2022/10/14/22:31:58.596583,0,9060,0,GPS1_Frame,42.36474,-71.06514233333334,12.100000381469727,329946.5439460748,4692339.768885601,19,4,T
2022/10/14/22:31:59.595913,0,9121,0,GPS1_Frame,42.36474,-71.06514233333334,12.100000381469727,329946.5439460748,4692339.768885601,19,4,T
2022/10/14/22:32:00.605962,0,9122,0,GPS1_Frame,42.36474,-71.06514233333334,12.100000381469727,329946.5439460748,4692339.768885601,19,4,T
2022/10/14/22:32:01.597929,0,9123,0,GPS1_Frame,42.36474,-71.06514233333334,12.199999809265137,329946.5439460748,4692339.768885601,19,4,T
2022/10/14/22:32:02.591114,0,9124,0,GPS1_Frame,42.364740166666664,-71.06514233333334,12.100000381469727,329946.5443957689,4692339.787392715,19,4,T
2022/10/14/22:32:03.590669,0,9125,0,GPS1_Frame,42.364740166666664,-71.06514233333334,12.100000381469727,329946.5443957689,4692339.787392715,19,4,T
2022/10/14/22:32:04.594739,0,9126,0,GPS1_Frame,42.364740166666664,-71.06514233333334,12.100000381469727,329946.5443957689,4692339.787392715,19,4,T
2022/10/14/22:32:05.603398,0,9127,0,GPS1_Frame,42.364740166666664,-71.06514233333334,12.100000381469727,329946.5443957689,4692339.787392715,19,4,T
2022/10/14/22:32:06.592575,0,9128,0,GPS1_Frame,42.364740166666664,-71.06514233333334,12.100000381469727,329946.5443957689,4692339.787392715,19,4,T
2022/10/14/22:32:07.607884,0,9129,0,GPS1_Frame,42.364740166666664,-71.06514233333334,12.100000381469727,329946.5443957689,4692339.787392715,19,4,T
2022/10/14/22:32:08.600946,0,9130,0,GPS1_Frame,42.364740166666664,-71.06514233333334,12.100000381469727,329946.5443957689,4692339.787392715,19,4,T
2022/10/14/22:32:09.597277,0,9131,0,GPS1_Frame,42.364740166666664,-71.06514233333334,12.100000381469727,329946.5443957689,4692339.787392715,19,4,T
2022/10/14/22:32:10.623970,0,9132,0,GPS1_Frame,42.36474,-71.06514233333334,12.100000381469727,329946.5439460748,4692339.768885601,19,4,T
2022/10/14/22:32:11.594945,0,9133,0,GPS1_Frame,42.36474,-71.06514233333334,12.100000381469727,329946.5439460748,4692339.768885601,19,4,T
2022/10/14/22:32:12.626757,0,9133,0,GPS1_Frame,42.36474,-71.06514233333334,12.100000381469727,329946.5439460748,4692339.768885601,19,4,T
2022/10/14/22:32:13.612447,0,9135,0,GPS1_Frame,42.36474,-71.06514233333334,12.100000381469727,329946.5439460748,4692339.768885601,19,4,T
2022/10/14/22:32:14.624145,0,9136,0,GPS1_Frame,42.36474,-71.06514233333334,12.100000381469727,329946.5439460748,4692339.768885601,19,4,T
2022/10/14/22:32:15.624727,0,9136,0,GPS1_Frame,42.36474,-71.06514233333334,12.100000381469727,329946.5439460748,4692339.768885601,19,4,T
2022/10/14/22:32:16.609348,0,9138,0,GPS1_Frame,42.36474,-71.06514233333334,12.100000381469727,329946.5439460748,4692339.768885601,19,4,T
2022/10/14/22:32:17.625352,0,9139,0,GPS1_Frame,42.36474,-71.06514233333334,12.100000381469727,329946.5439460748,4692339.768885601,19,4,T
2022/10/14/22:32:18.626462,0,9139,0,GPS1_Frame,42.36474,-71.06514233333334,12.100000381469727,329946.5439460748,4692339.768885601,19,4,T
2022/10/14/22:32:19.605743,0,9141,0,GPS1_Frame,42.36474,-71.06514233333334,12.100000381469727,329946.5439460748,4692339.768885601,19,4,T
2022/10/14/22:32:20.602298,0,9142,0,GPS1_Frame,42.36474,-71.06514233333334,12.100000381469727,329946.5439460748,4692339.768885601,19,4,T
2022/10/14/22:32:21.618604,0,9142,0,GPS1_Frame,42.36474,-71.06514233333334,12.100000381469727,329946.5439460748,4692339.768885601,19,4,T
2022/10/14/22:32:22.613807,0,9144,0,GPS1_Frame,42.36474,-71.06514233333334,12.100000381469727,329946.5439460748,4692339.768885601,19,4,T
2022/10/14/22:32:23.608585,0,9145,0,GPS1_Frame,42.36474,-71.06514233333334,12.100000381469727,329946.5439460748,4692339.768885601,19,4,T
2022/10/14/22:32:24.612067,0,9146,0,GPS1_Frame,42.36474,-71.06514233333334,12.100000381469727,329946.5439460748,4692339.768885601,19,4,T
2022/10/14/22:32:25.609726,0,9147,0,GPS1_Frame,42.36474,-71.06514233333334,12.199999809265137,329946.5439460748,4692339.768885601,19,4,T
2022/10/14/22:32:26.605163,0,9148,0,GPS1_Frame,42.36474,-71.06514233333334,12.100000381469727,329946.5439460748,4692339.768885601,19,4,T
2022/10/14/22:32:27.598423,0,9149,0,GPS1_Frame,42.36474,-71.06514233333334,12.100000381469727,329946.5439460748,4692339.768885601,19,4,T
2022/10/14/22:32:28.611748,0,9150,0,GPS1_Frame,42.36474,-71.06514233333334,12.100000381469727,329946.5439460748,4692339.768885601,19,4,T
2022/10/14/22:32:29.629518,0,9151,0,GPS1_Frame,42.36474,-71.06514233333334,12.199999809265137,329946.5439460748,4692339.768885601,19,4,T
2022/10/14/22:32:30.614763,0,9152,0,GPS1_Frame,42.36474,-71.06514233333334,12.199999809265137,329946.5439460748,4692339.768885601,19,4,T
2022/10/14/22:32:31.610291,0,9153,0,GPS1_Frame,42.36474,-71.06514233333334,12.199999809265137,329946.5439460748,4692339.768885601,19,4,T
2022/10/14/22:32:32.643736,0,9154,0,GPS1_Frame,42.36474,-71.06514233333334,12.100000381469727,329946.5439460748,4692339.768885601,19,4,T
2022/10/14/22:32:33.616595,0,9155,0,GPS1_Frame,42.36474,-71.06514233333334,12.100000381469727,329946.5439460748,4692339.768885601,19,4,T
2022/10/14/22:32:34.609760,0,9156,0,GPS1_Frame,42.36474,-71.06514233333334,12.100000381469727,329946.5439460748,4692339.768885601,19,4,T
2022/10/14/22:32:35.599319,0,9157,0,GPS1_Frame,42.36474,-71.06514233333334,12.199999809265137,329946.5439460748,4692339.768885601,19,4,T
2022/10/14/22:32:36.606382,0,9158,0,GPS1_Frame,42.36474,-71.06514233333334,12.199999809265137,329946.5439460748,4692339.768885601,19,4,T
2022/10/14/22:32:37.603350,0,9158,0,GPS1_Frame,42.36474,-71.06514233333334,12.199999809265137,329946.5439460748,4692339.768885601,19,4,T
2022/10/14/22:32:38.604662,0,9160,0,GPS1_Frame,42.36474,-71.06514233333334,12.199999809265137,329946.5439460748,4692339.768885601,19,4,T
2022/10/14/22:32:39.615083,0,9161,0,GPS1_Frame,42.36474,-71.06514233333334,12.199999809265137,329946.5439460748,4692339.768885601,19,4,T
2022/10/14/22:32:40.623184,0,9161,0,GPS1_Frame,42.36474,-71.06514233333334,12.100000381469727,329946.5439460748,4692339.768885601,19,4,T
2022/10/14/22:32:41.616258,0,9163,0,GPS1_Frame,42.36474,-71.0651425,12.199999809265137,329946.53022141044,4692339.769219088,19,4,T
2022/10/14/22:32:42.614335,0,9164,0,GPS1_Frame,42.36474,-71.0651425,12.199999809265137,329946.53022141044,4692339.769219088,19,4,T
2022/10/14/22:32:43.605849,0,9164,0,GPS1_Frame,42.36474,-71.0651425,12.199999809265137,329946.53022141044,4692339.769219088,19,4,T
2022/10/14/22:32:44.620104,0,9166,0,GPS1_Frame,42.36474,-71.06514233333334,12.100000381469727,329946.5439460748,4692339.768885601,19,4,T
2022/10/14/22:32:45.613291,0,9167,0,GPS1_Frame,42.36474,-71.06514233333334,12.100000381469727,329946.5439460748,4692339.768885601,19,4,T
2022/10/14/22:32:46.621826,0,9167,0,GPS1_Frame,42.36474,-71.06514233333334,12.199999809265137,329946.5439460748,4692339.768885601,19,4,T
2022/10/14/22:32:47.616830,0,9169,0,GPS1_Frame,42.36474,-71.06514233333334,12.199999809265137,329946.5439460748,4692339.768885601,19,4,T
2022/10/14/22:32:48.610854,0,9170,0,GPS1_Frame,42.36474,-71.06514233333334,12.199999809265137,329946.5439460748,4692339.768885601,19,4,T
2022/10/14/22:32:49.619796,0,9171,0,GPS1_Frame,42.36474,-71.06514233333334,12.199999809265137,329946.5439460748,4692339.768885601,19,4,T
2022/10/14/22:32:50.615278,0,9172,0,GPS1_Frame,42.36474,-71.06514233333334,12.199999809265137,329946.5439460748,4692339.768885601,19,4,T
2022/10/14/22:32:51.610046,0,9173,0,GPS1_Frame,42.36474,-71.06514233333334,12.199999809265137,329946.5439460748,4692339.768885601,19,4,T
2022/10/14/22:32:52.625781,0,9174,0,GPS1_Frame,42.36474,-71.06514233333334,12.199999809265137,329946.5439460748,4692339.768885601,19,4,T
2022/10/14/22:32:53.616312,0,9175,0,GPS1_Frame,42.36474,-71.06514233333334,12.199999809265137,329946.5439460748,4692339.768885601,19,4,T
2022/10/14/22:32:54.626149,0,9176,0,GPS1_Frame,42.36474,-71.06514233333334,12.199999809265137,329946.5439460748,4692339.768885601,19,4,T
2022/10/14/22:32:55.614333,0,9177,0,GPS1_Frame,42.36474,-71.06514233333334,12.100000381469727,329946.5439460748,4692339.768885601,19,4,T
2022/10/14/22:32:56.626115,0,9178,0,GPS1_Frame,42.36474,-71.06514233333334,12.199999809265137,329946.5439460748,4692339.768885601,19,4,T
2022/10/14/22:32:57.618190,0,9179,0,GPS1_Frame,42.36474,-71.06514233333334,12.199999809265137,329946.5439460748,4692339.768885601,19,4,T
2022/10/14/22:32:58.615260,0,9180,0,GPS1_Frame,42.36474,-71.06514233333334,12.199999809265137,329946.5439460748,4692339.768885601,19,4,T
2022/10/14/22:32:59.627784,0,9181,0,GPS1_Frame,42.36474,-71.06514233333334,12.199999809265137,329946.5439460748,4692339.768885601,19,4,T
2022/10/14/22:33:00.616182,0,9182,0,GPS1_Frame,42.36474,-71.06514233333334,12.199999809265137,329946.5439460748,4692339.768885601,19,4,T
2022/10/14/22:33:01.610766,0,9183,0,GPS1_Frame,42.36474,-71.06514233333334,12.199999809265137,329946.5439460748,4692339.768885601,19,4,T
2022/10/14/22:33:02.626901,0,9184,0,GPS1_Frame,42.36474,-71.06514233333334,12.199999809265137,329946.5439460748,4692339.768885601,19,4,T
2022/10/14/22:33:03.618524,0,9185,0,GPS1_Frame,42.36474,-71.06514233333334,12.199999809265137,329946.5439460748,4692339.768885601,19,4,T
2022/10/14/22:33:04.617090,0,9186,0,GPS1_Frame,42.36474,-71.06514233333334,12.199999809265137,329946.5439460748,4692339.768885601,19,4,T
2022/10/14/22:33:05.626234,0,9187,0,GPS1_Frame,42.36474,-71.06514233333334,12.199999809265137,329946.5439460748,4692339.768885601,19,4,T
2022/10/14/22:33:06.628150,0,9188,0,GPS1_Frame,42.36474,-71.06514233333334,12.199999809265137,329946.5439460748,4692339.768885601,19,4,T
2022/10/14/22:33:07.618649,0,9189,0,GPS1_Frame,42.36474,-71.06514233333334,12.199999809265137,329946.5439460748,4692339.768885601,19,4,T
2022/10/14/22:33:08.627563,0,9190,0,GPS1_Frame,42.36474,-71.06514233333334,12.199999809265137,329946.5439460748,4692339.768885601,19,4,T
2022/10/14/22:33:09.641185,0,9191,0,GPS1_Frame,42.364740166666664,-71.06514233333334,12.199999809265137,329946.5443957689,4692339.787392715,19,4,T
2022/10/14/22:33:10.633822,0,9192,0,GPS1_Frame,42.364740166666664,-71.06514233333334,12.199999809265137,329946.5443957689,4692339.787392715,19,4,T
2022/10/14/22:33:11.642759,0,9193,0,GPS1_Frame,42.36474,-71.06514233333334,12.199999809265137,329946.5439460748,4692339.768885601,19,4,T
2022/10/14/22:33:12.622834,0,9193,0,GPS1_Frame,42.36474,-71.06514233333334,12.199999809265137,329946.5439460748,4692339.768885601,19,4,T
2022/10/14/22:33:13.635144,0,9195,0,GPS1_Frame,42.364740166666664,-71.06514233333334,12.199999809265137,329946.5443957689,4692339.787392715,19,4,T
2022/10/14/22:33:14.624662,0,9196,0,GPS1_Frame,42.364740166666664,-71.06514233333334,12.199999809265137,329946.5443957689,4692339.787392715,19,4,T
2022/10/14/22:33:15.640382,0,9196,0,GPS1_Frame,42.364740166666664,-71.06514233333334,12.199999809265137,329946.5443957689,4692339.787392715,19,4,T
2022/10/14/22:33:16.629383,0,9198,0,GPS1_Frame,42.364740166666664,-71.06514233333334,12.199999809265137,329946.5443957689,4692339.787392715,19,4,T
2022/10/14/22:33:17.642407,0,9199,0,GPS1_Frame,42.364740166666664,-71.06514233333334,12.199999809265137,329946.5443957689,4692339.787392715,19,4,T
2022/10/14/22:33:18.629618,0,9199,0,GPS1_Frame,42.36474,-71.06514233333334,12.100000381469727,329946.5439460748,4692339.768885601,19,4,T
2022/10/14/22:33:19.641092,0,9201,0,GPS1_Frame,42.36474,-71.06514233333334,12.199999809265137,329946.5439460748,4692339.768885601,19,4,T
2022/10/14/22:33:20.631574,0,9202,0,GPS1_Frame,42.36474,-71.06514233333334,12.199999809265137,329946.5439460748,4692339.768885601,19,4,T
2022/10/14/22:33:21.643852,0,9202,0,GPS1_Frame,42.36474,-71.06514233333334,12.199999809265137,329946.5439460748,4692339.768885601,19,4,T
2022/10/14/22:33:22.640189,0,9204,0,GPS1_Frame,42.36474,-71.0651425,12.199999809265137,329946.53022141044,4692339.769219088,19,4,T
2022/10/14/22:33:23.631253,0,9205,0,GPS1_Frame,42.36474,-71.06514233333334,12.199999809265137,329946.5439460748,4692339.768885601,19,4,T
2022/10/14/22:33:24.643534,0,9206,0,GPS1_Frame,42.36474,-71.06514233333334,12.199999809265137,329946.5439460748,4692339.768885601,19,4,T
2022/10/14/22:33:25.639099,0,9207,0,GPS1_Frame,42.36474,-71.06514233333334,12.199999809265137,329946.5439460748,4692339.768885601,19,4,T
2022/10/14/22:33:26.644737,0,9208,0,GPS1_Frame,42.36474,-71.06514233333334,12.199999809265137,329946.5439460748,4692339.768885601,19,4,T
2022/10/14/22:33:27.640717,0,9209,0,GPS1_Frame,42.36474,-71.0651425,12.199999809265137,329946.53022141044,4692339.769219088,19,4,T
2022/10/14/22:33:28.648053,0,9210,0,GPS1_Frame,42.36474,-71.06514233333334,12.199999809265137,329946.5439460748,4692339.768885601,19,4,T
2022/10/14/22:33:29.646330,0,9211,0,GPS1_Frame,42.36474,-71.06514233333334,12.199999809265137,329946.5439460748,4692339.768885601,19,4,T
2022/10/14/22:33:30.638126,0,9212,0,GPS1_Frame,42.36474,-71.06514233333334,12.199999809265137,329946.5439460748,4692339.768885601,19,4,T
2022/10/14/22:33:31.634698,0,9213,0,GPS1_Frame,42.36474,-71.06514233333334,12.199999809265137,329946.5439460748,4692339.768885601,19,4,T
2022/10/14/22:33:32.630970,0,9214,0,GPS1_Frame,42.36474,-71.06514233333334,12.199999809265137,329946.5439460748,4692339.768885601,19,4,T
2022/10/14/22:33:33.645503,0,9215,0,GPS1_Frame,42.36474,-71.0651425,12.199999809265137,329946.53022141044,4692339.769219088,19,4,T
2022/10/14/22:33:34.647384,0,9216,0,GPS1_Frame,42.36474,-71.0651425,12.199999809265137,329946.53022141044,4692339.769219088,19,4,T
2022/10/14/22:33:35.641726,0,9217,0,GPS1_Frame,42.36474,-71.0651425,12.199999809265137,329946.53022141044,4692339.769219088,19,4,T
2022/10/14/22:33:36.651261,0,9218,0,GPS1_Frame,42.36474,-71.06514233333334,12.199999809265137,329946.5439460748,4692339.768885601,19,4,T
2022/10/14/22:33:37.644619,0,9218,0,GPS1_Frame,42.36474,-71.0651425,12.199999809265137,329946.53022141044,4692339.769219088,19,4,T
2022/10/14/22:33:38.634950,0,9220,0,GPS1_Frame,42.36474,-71.0651425,12.199999809265137,329946.53022141044,4692339.769219088,19,4,T
2022/10/14/22:33:39.652362,0,9221,0,GPS1_Frame,42.36474,-71.0651425,12.100000381469727,329946.53022141044,4692339.769219088,19,4,T
2022/10/14/22:33:40.645227,0,9221,0,GPS1_Frame,42.36474,-71.06514233333334,12.100000381469727,329946.5439460748,4692339.768885601,19,4,T
2022/10/14/22:33:41.642879,0,9223,0,GPS1_Frame,42.36474,-71.0651425,12.100000381469727,329946.53022141044,4692339.769219088,19,4,T
2022/10/14/22:33:42.636272,0,9224,0,GPS1_Frame,42.36474,-71.0651425,12.100000381469727,329946.53022141044,4692339.769219088,19,4,T
2022/10/14/22:33:43.645858,0,9224,0,GPS1_Frame,42.36474,-71.0651425,12.100000381469727,329946.53022141044,4692339.769219088,19,4,T
2022/10/14/22:33:44.658441,0,9226,0,GPS1_Frame,42.36474,-71.0651425,12.100000381469727,329946.53022141044,4692339.769219088,19,4,T
2022/10/14/22:33:45.660942,0,9227,0,GPS1_Frame,42.36474,-71.0651425,12.100000381469727,329946.53022141044,4692339.769219088,19,4,T
2022/10/14/22:33:46.648735,0,9227,0,GPS1_Frame,42.36474,-71.0651425,12.199999809265137,329946.53022141044,4692339.769219088,19,4,T
2022/10/14/22:33:47.644027,0,9229,0,GPS1_Frame,42.36474,-71.0651425,12.100000381469727,329946.53022141044,4692339.769219088,19,4,T
2022/10/14/22:33:48.653239,0,9230,0,GPS1_Frame,42.36474,-71.0651425,12.100000381469727,329946.53022141044,4692339.769219088,19,4,T
2022/10/14/22:33:49.656403,0,9231,0,GPS1_Frame,42.36474,-71.0651425,12.100000381469727,329946.53022141044,4692339.769219088,19,4,T
2022/10/14/22:33:50.646676,0,9232,0,GPS1_Frame,42.36474,-71.0651425,12.100000381469727,329946.53022141044,4692339.769219088,19,4,T
2022/10/14/22:33:51.648213,0,9233,0,GPS1_Frame,42.36474,-71.0651425,12.199999809265137,329946.53022141044,4692339.769219088,19,4,T
2022/10/14/22:33:52.657470,0,9234,0,GPS1_Frame,42.36474,-71.06514233333334,12.100000381469727,329946.5439460748,4692339.768885601,19,4,T
2022/10/14/22:33:53.658964,0,9235,0,GPS1_Frame,42.36474,-71.06514233333334,12.100000381469727,329946.5439460748,4692339.768885601,19,4,T
2022/10/14/22:33:54.648281,0,9236,0,GPS1_Frame,42.36474,-71.0651425,12.100000381469727,329946.53022141044,4692339.769219088,19,4,T
2022/10/14/22:33:55.639289,0,9237,0,GPS1_Frame,42.36474,-71.06514233333334,12.199999809265137,329946.5439460748,4692339.768885601,19,4,T
2022/10/14/22:33:56.652077,0,9238,0,GPS1_Frame,42.36474,-71.06514233333334,12.199999809265137,329946.5439460748,4692339.768885601,19,4,T
2022/10/14/22:33:57.649960,0,9239,0,GPS1_Frame,42.36474,-71.06514233333334,12.199999809265137,329946.5439460748,4692339.768885601,19,4,T
2022/10/14/22:33:58.645190,0,9180,0,GPS1_Frame,42.364740166666664,-71.06514233333334,12.199999809265137,329946.5443957689,4692339.787392715,19,4,T
2022/10/14/22:33:59.648202,0,9241,0,GPS1_Frame,42.36474,-71.06514233333334,12.100000381469727,329946.5439460748,4692339.768885601,19,4,T
2022/10/14/22:34:00.642588,0,9242,0,GPS1_Frame,42.36474,-71.06514233333334,12.199999809265137,329946.5439460748,4692339.768885601,19,4,T
2022/10/14/22:34:01.643558,0,9243,0,GPS1_Frame,42.36474,-71.06514233333334,12.199999809265137,329946.5439460748,4692339.768885601,19,4,T
2022/10/14/22:34:02.649860,0,9244,0,GPS1_Frame,42.36474,-71.06514233333334,12.199999809265137,329946.5439460748,4692339.768885601,19,4,T
2022/10/14/22:34:03.666157,0,9245,0,GPS1_Frame,42.364740166666664,-71.06514233333334,12.100000381469727,329946.5443957689,4692339.787392715,19,4,T
2022/10/14/22:34:04.658092,0,9246,0,GPS1_Frame,42.364740166666664,-71.06514233333334,12.100000381469727,329946.5443957689,4692339.787392715,19,4,T
2022/10/14/22:34:05.649293,0,9247,0,GPS1_Frame,42.36474,-71.06514233333334,12.100000381469727,329946.5439460748,4692339.768885601,19,4,T
2022/10/14/22:34:06.663084,0,9248,0,GPS1_Frame,42.36474,-71.06514233333334,12.100000381469727,329946.5439460748,4692339.768885601,19,4,T
2022/10/14/22:34:07.657897,0,9249,0,GPS1_Frame,42.364740166666664,-71.06514233333334,12.100000381469727,329946.5443957689,4692339.787392715,19,4,T
2022/10/14/22:34:08.650907,0,9250,0,GPS1_Frame,42.364740166666664,-71.06514233333334,12.199999809265137,329946.5443957689,4692339.787392715,19,4,T
2022/10/14/22:34:09.667089,0,9251,0,GPS1_Frame,42.36474,-71.06514233333334,12.100000381469727,329946.5439460748,4692339.768885601,19,4,T
2022/10/14/22:34:10.651355,0,9252,0,GPS1_Frame,42.36474,-71.06514233333334,12.100000381469727,329946.5439460748,4692339.768885601,19,4,T
2022/10/14/22:34:11.668091,0,9253,0,GPS1_Frame,42.36474,-71.06514233333334,12.100000381469727,329946.5439460748,4692339.768885601,19,4,T
2022/10/14/22:34:12.657173,0,9253,0,GPS1_Frame,42.36474,-71.06514233333334,12.100000381469727,329946.5439460748,4692339.768885601,19,4,T
2022/10/14/22:34:13.663444,0,9255,0,GPS1_Frame,42.36474,-71.06514233333334,12.100000381469727,329946.5439460748,4692339.768885601,19,4,T
2022/10/14/22:34:14.654661,0,9256,0,GPS1_Frame,42.36474,-71.06514233333334,12.100000381469727,329946.5439460748,4692339.768885601,19,4,T
2022/10/14/22:34:15.673862,0,9256,0,GPS1_Frame,42.36474,-71.06514233333334,12.100000381469727,329946.5439460748,4692339.768885601,19,4,T
2022/10/14/22:34:16.664449,0,9258,0,GPS1_Frame,42.36474,-71.06514233333334,12.100000381469727,329946.5439460748,4692339.768885601,19,4,T
2022/10/14/22:34:17.660849,0,9259,0,GPS1_Frame,42.36474,-71.06514233333334,12.100000381469727,329946.5439460748,4692339.768885601,19,4,T
2022/10/14/22:34:18.665290,0,9259,0,GPS1_Frame,42.36474,-71.06514233333334,12.100000381469727,329946.5439460748,4692339.768885601,19,4,T
2022/10/14/22:34:19.655275,0,9261,0,GPS1_Frame,42.36474,-71.06514233333334,12.100000381469727,329946.5439460748,4692339.768885601,19,4,T
2022/10/14/22:34:20.673220,0,9262,0,GPS1_Frame,42.36474,-71.06514233333334,12.199999809265137,329946.5439460748,4692339.768885601,19,4,T
2022/10/14/22:34:21.656150,0,9262,0,GPS1_Frame,42.36474,-71.06514233333334,12.199999809265137,329946.5439460748,4692339.768885601,19,4,T
2022/10/14/22:34:22.671049,0,9264,0,GPS1_Frame,42.36474,-71.06514233333334,12.100000381469727,329946.5439460748,4692339.768885601,19,4,T
2022/10/14/22:34:23.668188,0,9265,0,GPS1_Frame,42.36474,-71.06514233333334,12.100000381469727,329946.5439460748,4692339.768885601,19,4,T
2022/10/14/22:34:24.658822,0,9266,0,GPS1_Frame,42.36474,-71.06514233333334,12.100000381469727,329946.5439460748,4692339.768885601,19,4,T
2022/10/14/22:34:25.666743,0,9267,0,GPS1_Frame,42.36474,-71.06514233333334,12.100000381469727,329946.5439460748,4692339.768885601,19,4,T
2022/10/14/22:34:26.662133,0,9268,0,GPS1_Frame,42.36474,-71.06514233333334,12.100000381469727,329946.5439460748,4692339.768885601,19,4,T
2022/10/14/22:34:27.676083,0,9269,0,GPS1_Frame,42.36474,-71.06514233333334,12.100000381469727,329946.5439460748,4692339.768885601,19,4,T
2022/10/14/22:34:28.672102,0,9270,0,GPS1_Frame,42.36474,-71.06514233333334,12.100000381469727,329946.5439460748,4692339.768885601,19,4,T
2022/10/14/22:34:29.666922,0,9271,0,GPS1_Frame,42.36474,-71.06514233333334,12.100000381469727,329946.5439460748,4692339.768885601,19,4,T
2022/10/14/22:34:30.683143,0,9272,0,GPS1_Frame,42.36474,-71.06514233333334,12.100000381469727,329946.5439460748,4692339.768885601,19,4,T
2022/10/14/22:34:31.679943,0,9273,0,GPS1_Frame,42.36474,-71.06514233333334,12.100000381469727,329946.5439460748,4692339.768885601,19,4,T
2022/10/14/22:34:32.677310,0,9274,0,GPS1_Frame,42.364740166666664,-71.06514233333334,12.100000381469727,329946.5443957689,4692339.787392715,19,4,T
2022/10/14/22:34:33.669120,0,9275,0,GPS1_Frame,42.364740166666664,-71.06514233333334,12.100000381469727,329946.5443957689,4692339.787392715,19,4,T
2022/10/14/22:34:34.677089,0,9276,0,GPS1_Frame,42.364740166666664,-71.06514233333334,12.100000381469727,329946.5443957689,4692339.787392715,19,4,T
2022/10/14/22:34:35.658651,0,9277,0,GPS1_Frame,42.364740166666664,-71.06514233333334,12.100000381469727,329946.5443957689,4692339.787392715,19,4,T
2022/10/14/22:34:36.677012,0,9278,0,GPS1_Frame,42.364740166666664,-71.06514233333334,12.100000381469727,329946.5443957689,4692339.787392715,19,4,T
2022/10/14/22:34:37.666493,0,9278,0,GPS1_Frame,42.36474,-71.06514233333334,12.100000381469727,329946.5439460748,4692339.768885601,19,4,T
2022/10/14/22:34:38.681453,0,9280,0,GPS1_Frame,42.36474,-71.06514233333334,12.100000381469727,329946.5439460748,4692339.768885601,19,4,T
2022/10/14/22:34:39.685681,0,9281,0,GPS1_Frame,42.36474,-71.06514233333334,12.100000381469727,329946.5439460748,4692339.768885601,19,4,T
2022/10/14/22:34:40.671695,0,9281,0,GPS1_Frame,42.36474,-71.06514233333334,12.199999809265137,329946.5439460748,4692339.768885601,19,4,T
2022/10/14/22:34:41.681397,0,9283,0,GPS1_Frame,42.36474,-71.06514233333334,12.199999809265137,329946.5439460748,4692339.768885601,19,4,T
2022/10/14/22:34:42.691461,0,9284,0,GPS1_Frame,42.364740166666664,-71.06514233333334,12.199999809265137,329946.5443957689,4692339.787392715,19,4,T
2022/10/14/22:34:43.688646,0,9284,0,GPS1_Frame,42.364740166666664,-71.06514233333334,12.199999809265137,329946.5443957689,4692339.787392715,19,4,T
2022/10/14/22:34:44.677893,0,9286,0,GPS1_Frame,42.364740166666664,-71.06514233333334,12.199999809265137,329946.5443957689,4692339.787392715,19,4,T
2022/10/14/22:34:45.671780,0,9287,0,GPS1_Frame,42.364740166666664,-71.06514233333334,12.100000381469727,329946.5443957689,4692339.787392715,19,4,T
2022/10/14/22:34:46.688642,0,9287,0,GPS1_Frame,42.36474,-71.06514233333334,12.100000381469727,329946.5439460748,4692339.768885601,19,4,T
2022/10/14/22:34:47.677679,0,9289,0,GPS1_Frame,42.36474,-71.06514233333334,12.100000381469727,329946.5439460748,4692339.768885601,19,4,T
2022/10/14/22:34:48.690412,0,9290,0,GPS1_Frame,42.36474,-71.06514233333334,12.199999809265137,329946.5439460748,4692339.768885601,19,4,T
2022/10/14/22:34:49.681413,0,9291,0,GPS1_Frame,42.36474,-71.06514233333334,12.100000381469727,329946.5439460748,4692339.768885601,19,4,T
2022/10/14/22:34:50.682599,0,9292,0,GPS1_Frame,42.36474,-71.06514233333334,12.199999809265137,329946.5439460748,4692339.768885601,19,4,T
2022/10/14/22:34:51.695507,0,9293,0,GPS1_Frame,42.36474,-71.06514233333334,12.199999809265137,329946.5439460748,4692339.768885601,19,4,T
2022/10/14/22:34:52.687588,0,9294,0,GPS1_Frame,42.36474,-71.06514233333334,12.199999809265137,329946.5439460748,4692339.768885601,19,4,T
2022/10/14/22:34:53.669074,0,9295,0,GPS1_Frame,42.364740166666664,-71.06514233333334,12.100000381469727,329946.5443957689,4692339.787392715,19,4,T
2022/10/14/22:34:54.683391,0,9296,0,GPS1_Frame,42.36474,-71.06514233333334,12.100000381469727,329946.5439460748,4692339.768885601,19,4,T
2022/10/14/22:34:55.673770,0,9297,0,GPS1_Frame,42.36474,-71.06514233333334,12.100000381469727,329946.5439460748,4692339.768885601,19,4,T
2022/10/14/22:34:56.682893,0,9298,0,GPS1_Frame,42.36474,-71.06514233333334,12.100000381469727,329946.5439460748,4692339.768885601,19,4,T
