time,.Header.seq,.Header.stamp.secs,.Header.stamp.nsecs,.Header.frame_id,.Latitude,.Longitude,.Altitude,.UTM_easting,.UTM_northing,.Zone,.Letter
2022/09/23/15:27:33.316689,0,70053,0,GPS1_Frame,42.3335483333333,-71.0909116666667,17.4,327739.303426113,4688928.04994545,19,T
2022/09/23/15:27:34.317234,0,70054,0,GPS1_Frame,42.3335433333333,-71.0909216666667,17.4,327738.465885854,4688927.514991,19,T
2022/09/23/15:27:35.318333,0,70055,0,GPS1_Frame,42.3335366666667,-71.0909333333333,17.4,327737.486480179,4688926.79834231,19,T
2022/09/23/15:27:36.315996,0,70056,0,GPS1_Frame,42.3335316666667,-71.0909433333333,17.4,327736.648939628,4688926.26338806,19,T
2022/09/23/15:27:37.319725,0,70057,0,GPS1_Frame,42.333525,-71.090955,17.5,327735.669533588,4688925.54673962,19,T
2022/09/23/15:27:38.318397,0,70058,0,GPS1_Frame,42.3335183333333,-71.090965,17.6,327734.827442259,4688924.82671503,19,T
2022/09/23/15:27:39.350817,0,70059,0,GPS1_Frame,42.3335133333333,-71.090975,17.6,327733.989901265,4688924.29176109,19,T
2022/09/23/15:27:40.317104,0,70060,0,GPS1_Frame,42.3335083333333,-71.090985,17.6,327733.152360139,4688923.75680725,19,T
2022/09/23/15:27:41.318719,0,70061,0,GPS1_Frame,42.3335016666667,-71.0909933333333,17.6,327732.447583287,4688923.03340663,19,T
2022/09/23/15:27:42.380793,0,70062,0,GPS1_Frame,42.3334966666667,-71.0910033333334,17.5,327731.610041889,4688922.49845296,19,T
2022/09/23/15:27:43.317464,0,70063,0,GPS1_Frame,42.3334916666667,-71.0910133333333,17.4,327730.772500365,4688921.96349939,19,T
2022/09/23/15:27:44.349089,0,70064,0,GPS1_Frame,42.333485,-71.0910216666667,17.3,327730.067723089,4688921.240099,19,T
2022/09/23/15:27:45.346715,0,70065,0,GPS1_Frame,42.33348,-71.0910316666667,17.3,327729.230181295,4688920.7051456,19,T
2022/09/23/15:27:46.379700,0,70066,0,GPS1_Frame,42.3334733333333,-71.0910416666667,17.3,327728.388088723,4688919.98512176,19,T
2022/09/23/15:27:47.346125,0,70067,0,GPS1_Frame,42.3334666666667,-71.0910516666667,17.3,327727.545995975,4688919.26509801,19,T
2022/09/23/15:27:48.318934,0,70068,0,GPS1_Frame,42.33346,-71.0910633333333,17.3,327726.566588017,4688918.54845079,19,T
2022/09/23/15:27:49.318564,0,70069,0,GPS1_Frame,42.3334533333333,-71.0910733333333,17.2,327725.724494913,4688917.82842725,19,T
2022/09/23/15:27:50.318500,0,70070,0,GPS1_Frame,42.3334483333333,-71.091085,17.2,327724.749637306,4688917.29685082,19,T
2022/09/23/15:27:51.347471,0,70071,0,GPS1_Frame,42.3334416666667,-71.091095,17.3,327723.907543864,4688916.57682749,19,T
2022/09/23/15:27:52.316037,0,70072,0,GPS1_Frame,42.3334366666667,-71.0911066666667,17.3,327722.932685939,4688916.04525131,19,T
2022/09/23/15:27:53.348126,0,70073,0,GPS1_Frame,42.33343,-71.0911183333333,17.4,327721.953277051,4688915.32860472,19,T
2022/09/23/15:27:54.319446,0,70074,0,GPS1_Frame,42.3334233333333,-71.09113,17.4,327720.973867962,4688914.61195825,19,T
2022/09/23/15:27:55.349305,0,70075,0,GPS1_Frame,42.3334183333333,-71.0911416666667,17.4,327719.999009532,4688914.08038247,19,T
2022/09/23/15:27:56.316792,0,70076,0,GPS1_Frame,42.3334133333333,-71.0911533333333,17.3,327719.024150952,4688913.54880681,19,T
2022/09/23/15:27:57.313586,0,70077,0,GPS1_Frame,42.3334083333333,-71.0911633333333,17.2,327718.186607371,4688913.01385469,19,T
2022/09/23/15:27:58.316568,0,70078,0,GPS1_Frame,42.3334016666667,-71.091175,17.3,327717.207197564,4688912.29720873,19,T
2022/09/23/15:27:59.317878,0,70079,0,GPS1_Frame,42.333395,-71.0911866666667,17.4,327716.227787555,4688911.58056291,19,T
2022/09/23/15:28:00.318786,0,70080,0,GPS1_Frame,42.3333883333333,-71.0911983333333,17.5,327715.248377347,4688910.86391721,19,T
2022/09/23/15:28:01.350934,0,70081,0,GPS1_Frame,42.3333816666667,-71.0912083333333,17.5,327714.406282147,4688910.14389498,19,T
2022/09/23/15:28:02.349045,0,70082,0,GPS1_Frame,42.3333766666667,-71.09122,17.5,327713.431422576,4688909.61232008,19,T
2022/09/23/15:28:03.317171,0,70083,0,GPS1_Frame,42.3333716666667,-71.0912316666667,17.4,327712.456562853,4688909.08074531,19,T
2022/09/23/15:28:04.318839,0,70084,0,GPS1_Frame,42.333365,-71.0912416666667,17.5,327711.61446715,4688908.3607234,19,T
2022/09/23/15:28:05.316408,0,70085,0,GPS1_Frame,42.3333583333333,-71.0912533333333,17.6,327710.635056011,4688907.64407832,19,T
2022/09/23/15:28:06.349458,0,70086,0,GPS1_Frame,42.3333516666667,-71.091265,17.7,327709.65564467,4688906.92743338,19,T
2022/09/23/15:28:07.317930,0,70087,0,GPS1_Frame,42.333345,-71.091275,17.8,327708.813548421,4688906.20741179,19,T
2022/09/23/15:28:08.317466,0,70088,0,GPS1_Frame,42.3333383333333,-71.091285,17.9,327707.971451999,4688905.4873903,19,T
2022/09/23/15:28:09.318649,0,70089,0,GPS1_Frame,42.3333333333333,-71.091295,17.8,327707.133906591,4688904.95243946,19,T
2022/09/23/15:28:10.314404,0,70090,0,GPS1_Frame,42.3333283333333,-71.091305,17.9,327706.296361055,4688904.41748871,19,T
2022/09/23/15:28:11.314548,0,70091,0,GPS1_Frame,42.3333233333333,-71.0913166666667,17.9,327705.321500045,4688903.8859149,19,T
2022/09/23/15:28:12.347554,0,70092,0,GPS1_Frame,42.3333166666667,-71.0913266666667,17.8,327704.479402983,4688903.16589381,19,T
2022/09/23/15:28:13.347353,0,70093,0,GPS1_Frame,42.3333116666667,-71.0913383333333,17.7,327703.504541657,4688902.63432024,19,T
2022/09/23/15:28:14.317303,0,70094,0,GPS1_Frame,42.3333066666667,-71.0913483333333,17.6,327702.666995558,4688902.09936992,19,T
2022/09/23/15:28:15.318053,0,70095,0,GPS1_Frame,42.3333,-71.0913583333333,17.7,327701.824898007,4688901.37934913,19,T
2022/09/23/15:28:16.316709,0,70096,0,GPS1_Frame,42.3332933333333,-71.09137,17.7,327700.845484873,4688900.66270538,19,T
2022/09/23/15:28:17.315648,0,70097,0,GPS1_Frame,42.3332883333333,-71.0913816666667,17.6,327699.870622915,4688900.1311323,19,T
2022/09/23/15:28:18.315419,0,70098,0,GPS1_Frame,42.3332816666667,-71.0913916666667,17.6,327699.028524838,4688899.41111184,19,T
2022/09/23/15:28:19.350178,0,70099,0,GPS1_Frame,42.333275,-71.0914033333333,17.6,327698.049111141,4688898.69446846,19,T
2022/09/23/15:28:20.313669,0,70100,0,GPS1_Frame,42.33327,-71.0914133333333,17.6,327697.211564142,4688898.15951876,19,T
2022/09/23/15:28:21.348328,0,70101,0,GPS1_Frame,42.3332633333333,-71.091425,17.7,327696.232150081,4688897.44287562,19,T
2022/09/23/15:28:22.315895,0,70102,0,GPS1_Frame,42.3332566666667,-71.0914366666667,17.8,327695.252735821,4688896.72623262,19,T
2022/09/23/15:28:23.348416,0,70103,0,GPS1_Frame,42.3332516666667,-71.0914466666667,17.7,327694.415188368,4688896.19128324,19,T
2022/09/23/15:28:24.318655,0,70104,0,GPS1_Frame,42.3332466666667,-71.091455,17.6,327693.714956295,4688895.65295689,19,T
2022/09/23/15:28:25.317072,0,70105,0,GPS1_Frame,42.3332416666667,-71.0914633333333,17.6,327693.014724112,4688895.11463061,19,T
2022/09/23/15:28:26.349623,0,70106,0,GPS1_Frame,42.333235,-71.0914716666667,17.5,327692.309940261,4688894.39123385,19,T
2022/09/23/15:28:27.317319,0,70107,0,GPS1_Frame,42.3332283333333,-71.0914816666667,17.4,327691.467840715,4688893.67121426,19,T
2022/09/23/15:28:28.316373,0,70108,0,GPS1_Frame,42.3332233333333,-71.0914916666667,17.3,327690.630292604,4688893.13626532,19,T
2022/09/23/15:28:29.346392,0,70109,0,GPS1_Frame,42.3332183333333,-71.0915016666667,17.3,327689.792744362,4688892.60131647,19,T
2022/09/23/15:28:30.316641,0,70110,0,GPS1_Frame,42.3332116666667,-71.0915133333333,17.3,327688.813328759,4688891.88467433,19,T
2022/09/23/15:28:31.315620,0,70111,0,GPS1_Frame,42.3332066666667,-71.0915216666667,17.3,327688.113095822,4688891.34634852,19,T
2022/09/23/15:28:32.315827,0,70112,0,GPS1_Frame,42.3332,-71.09153,17.2,327687.408311088,4688890.62295223,19,T
2022/09/23/15:28:33.347088,0,70113,0,GPS1_Frame,42.333195,-71.0915416666667,17.1,327686.433446673,4688890.09138096,19,T
2022/09/23/15:28:34.313481,0,70114,0,GPS1_Frame,42.33319,-71.0915516666667,17,327685.595897741,4688889.5564326,19,T
2022/09/23/15:28:35.343462,0,70115,0,GPS1_Frame,42.333185,-71.0915633333333,17,327684.621033034,4688889.02486157,19,T
2022/09/23/15:28:36.349631,0,70116,0,GPS1_Frame,42.3331816666667,-71.0915733333333,16.9,327683.788035611,4688888.67498396,19,T
2022/09/23/15:28:37.346873,0,70117,0,GPS1_Frame,42.3331766666667,-71.0915816666667,16.9,327683.087801961,4688888.13665864,19,T
2022/09/23/15:28:38.348119,0,70118,0,GPS1_Frame,42.3331716666667,-71.0915916666667,16.9,327682.250252529,4688887.60171066,19,T
2022/09/23/15:28:39.331519,0,70119,0,GPS1_Frame,42.333165,-71.0916016666667,16.9,327681.408151127,4688886.88169224,19,T
2022/09/23/15:28:40.314980,0,70120,0,GPS1_Frame,42.33316,-71.0916116666667,16.8,327680.570601416,4688886.34674445,19,T
2022/09/23/15:28:41.351410,0,70121,0,GPS1_Frame,42.333155,-71.0916216666667,16.8,327679.733051573,4688885.81179677,19,T
2022/09/23/15:28:42.344545,0,70122,0,GPS1_Frame,42.33315,-71.09163,16.8,327679.032817321,4688885.27347183,19,T
2022/09/23/15:28:43.317732,0,70123,0,GPS1_Frame,42.333145,-71.0916383333333,16.8,327678.332582961,4688884.73514696,19,T
2022/09/23/15:28:44.379622,0,70124,0,GPS1_Frame,42.33314,-71.0916483333333,16.8,327677.495032752,4688884.20019953,19,T
2022/09/23/15:28:45.316303,0,70125,0,GPS1_Frame,42.333135,-71.0916566666667,16.8,327676.794798166,4688883.66187481,19,T
2022/09/23/15:28:46.347439,0,70126,0,GPS1_Frame,42.3331283333333,-71.0916666666667,16.9,327675.952695726,4688882.94185701,19,T
2022/09/23/15:28:47.316711,0,70127,0,GPS1_Frame,42.33312,-71.0916766666667,16.8,327675.106041115,4688882.03676877,19,T
2022/09/23/15:28:48.315772,0,70128,0,GPS1_Frame,42.3331133333333,-71.0916883333333,16.7,327674.12662251,4688881.3201286,19,T
2022/09/23/15:28:49.315277,0,70129,0,GPS1_Frame,42.3331083333333,-71.0916983333333,16.8,327673.289071566,4688880.78518166,19,T
2022/09/23/15:28:50.340804,0,70130,0,GPS1_Frame,42.3331016666667,-71.09171,16.9,327672.309652597,4688880.06854174,19,T
2022/09/23/15:28:51.348068,0,70131,0,GPS1_Frame,42.333095,-71.09172,16.9,327671.467549268,4688879.34852446,19,T
2022/09/23/15:28:52.314437,0,70132,0,GPS1_Frame,42.3330883333333,-71.0917316666667,17.1,327670.48812991,4688878.63188479,19,T
2022/09/23/15:28:53.345840,0,70133,0,GPS1_Frame,42.3330833333333,-71.0917416666667,17,327669.650578361,4688878.09693826,19,T
2022/09/23/15:28:54.316490,0,70134,0,GPS1_Frame,42.3330766666667,-71.09175,17,327668.9457904,4688877.37354375,19,T
2022/09/23/15:28:55.313983,0,70135,0,GPS1_Frame,42.3330716666667,-71.09176,17,327668.108238581,4688876.8385974,19,T
2022/09/23/15:28:56.312075,0,70136,0,GPS1_Frame,42.333065,-71.0917683333333,17,327667.403450341,4688876.11520303,19,T
2022/09/23/15:28:57.316562,0,70137,0,GPS1_Frame,42.3330583333333,-71.0917766666667,17,327666.698661953,4688875.39180873,19,T
2022/09/23/15:28:58.317158,0,70138,0,GPS1_Frame,42.3330533333333,-71.0917866666667,17.2,327665.861109723,4688874.85686264,19,T
2022/09/23/15:28:59.317767,0,70139,0,GPS1_Frame,42.3330483333333,-71.0917966666667,17.2,327665.023557361,4688874.32191665,19,T
2022/09/23/15:29:00.347744,0,70140,0,GPS1_Frame,42.333045,-71.091805,17.3,327664.327873098,4688873.96866367,19,T
2022/09/23/15:29:01.318861,0,70141,0,GPS1_Frame,42.3330416666667,-71.0918133333333,17.2,327663.632188764,4688873.61541076,19,T
2022/09/23/15:29:02.316748,0,70142,0,GPS1_Frame,42.3330366666667,-71.0918233333333,17.1,327662.794636075,4688873.08046502,19,T
2022/09/23/15:29:03.347422,0,70143,0,GPS1_Frame,42.33303,-71.0918333333333,17,327661.952530927,4688872.36044884,19,T
2022/09/23/15:29:04.317601,0,70144,0,GPS1_Frame,42.333025,-71.0918433333333,16.9,327661.114977961,4688871.8255033,19,T
2022/09/23/15:29:05.318725,0,70145,0,GPS1_Frame,42.3330216666667,-71.0918516666667,16.9,327660.419293242,4688871.4722507,19,T
2022/09/23/15:29:06.320899,0,70146,0,GPS1_Frame,42.3330166666667,-71.09186,16.7,327659.719056061,4688870.93392761,19,T
2022/09/23/15:29:07.316299,0,70147,0,GPS1_Frame,42.3330116666667,-71.0918683333333,16.8,327659.018818769,4688870.3956046,19,T
2022/09/23/15:29:08.316875,0,70148,0,GPS1_Frame,42.3330083333333,-71.09188,17,327658.048501735,4688870.04910769,19,T
2022/09/23/15:29:09.382227,0,70149,0,GPS1_Frame,42.3330033333333,-71.0918916666667,17,327657.073632143,4688869.51754037,19,T
2022/09/23/15:29:10.314810,0,70150,0,GPS1_Frame,42.333,-71.0919,17,327656.37794698,4688869.16428815,19,T
2022/09/23/15:29:11.315668,0,70151,0,GPS1_Frame,42.3329933333333,-71.09191,17,327655.535840691,4688868.44427271,19,T
2022/09/23/15:29:12.383412,0,70152,0,GPS1_Frame,42.3329883333333,-71.0919216666667,16.9,327654.560970676,4688867.91270573,19,T
2022/09/23/15:29:13.347485,0,70153,0,GPS1_Frame,42.3329833333333,-71.0919333333333,16.9,327653.586100508,4688867.38113888,19,T
2022/09/23/15:29:14.316954,0,70154,0,GPS1_Frame,42.33298,-71.0919433333333,16.8,327652.753098854,4688867.03126485,19,T
2022/09/23/15:29:15.316821,0,70155,0,GPS1_Frame,42.332975,-71.091955,16.8,327651.778228416,4688866.49969825,19,T
2022/09/23/15:29:16.316563,0,70156,0,GPS1_Frame,42.3329716666667,-71.091965,16.8,327650.94522656,4688866.14982443,19,T
2022/09/23/15:29:17.312700,0,70157,0,GPS1_Frame,42.3329666666667,-71.091975,16.9,327650.107671977,4688865.61488016,19,T
2022/09/23/15:29:18.314101,0,70158,0,GPS1_Frame,42.3329616666667,-71.0919866666667,16.8,327649.132801135,4688865.08331391,19,T
2022/09/23/15:29:19.312846,0,70159,0,GPS1_Frame,42.3329583333333,-71.0919983333333,16.8,327648.162482822,4688864.73681834,19,T
2022/09/23/15:29:20.309396,0,70160,0,GPS1_Frame,42.332955,-71.09201,16.9,327647.192164412,4688864.3903229,19,T
2022/09/23/15:29:21.311758,0,70161,0,GPS1_Frame,42.3329516666667,-71.09202,17,327646.359162054,4688864.04044961,19,T
2022/09/23/15:29:22.309485,0,70162,0,GPS1_Frame,42.332945,-71.0920316666667,16.9,327645.379737931,4688863.32381333,19,T
2022/09/23/15:29:23.308028,0,70163,0,GPS1_Frame,42.33294,-71.0920416666667,16.9,327644.542182568,4688862.7888697,19,T
2022/09/23/15:29:24.344707,0,70164,0,GPS1_Frame,42.332935,-71.0920533333333,16.9,327643.567310884,4688862.2573042,19,T
2022/09/23/15:29:25.359917,0,70165,0,GPS1_Frame,42.3329283333333,-71.092065,16.9,327642.587886219,4688861.54066829,19,T
2022/09/23/15:29:26.348738,0,70166,0,GPS1_Frame,42.3329183333333,-71.0920766666667,17.2,327641.599355647,4688860.45389142,19,T
2022/09/23/15:29:27.344264,0,70167,0,GPS1_Frame,42.33291,-71.0920883333333,17.4,327640.615377648,4688859.55218523,19,T
2022/09/23/15:29:28.344728,0,70168,0,GPS1_Frame,42.3329033333333,-71.0920983333333,17.6,327639.773268566,4688858.83217161,19,T
2022/09/23/15:29:29.313835,0,70169,0,GPS1_Frame,42.332895,-71.09211,17.7,327638.78929011,4688857.93046566,19,T
2022/09/23/15:29:30.314193,0,70170,0,GPS1_Frame,42.3328883333333,-71.09212,17.7,327637.947180648,4688857.21045225,19,T
2022/09/23/15:29:31.310844,0,70171,0,GPS1_Frame,42.3328833333333,-71.0921316666667,17.8,327636.972307673,4688856.67888763,19,T
2022/09/23/15:29:32.347150,0,70172,0,GPS1_Frame,42.3328766666667,-71.0921433333333,18,327635.992881551,4688855.96225261,19,T
2022/09/23/15:29:33.312099,0,70173,0,GPS1_Frame,42.33287,-71.092155,18.1,327635.013455227,4688855.24561771,19,T
2022/09/23/15:29:34.312946,0,70174,0,GPS1_Frame,42.3328633333333,-71.0921666666667,18.1,327634.034028704,4688854.52898295,19,T
2022/09/23/15:29:35.347566,0,70175,0,GPS1_Frame,42.3328583333333,-71.0921766666667,18.2,327633.196471406,4688853.99404063,19,T
2022/09/23/15:29:36.377811,0,70176,0,GPS1_Frame,42.3328516666667,-71.0921883333333,18.3,327632.217044517,4688853.27740611,19,T
2022/09/23/15:29:37.311022,0,70177,0,GPS1_Frame,42.3328466666667,-71.0922,18.4,327631.242170542,4688852.74584227,19,T
2022/09/23/15:29:38.309588,0,70178,0,GPS1_Frame,42.3328383333333,-71.0922116666667,18.6,327630.258190136,4688851.84413747,19,T
2022/09/23/15:29:39.313490,0,70179,0,GPS1_Frame,42.3328333333333,-71.0922216666667,18.6,327629.420632222,4688851.30919559,19,T
2022/09/23/15:29:40.314368,0,70180,0,GPS1_Frame,42.3328266666667,-71.0922333333333,18.7,327628.441204565,4688850.59256158,19,T
2022/09/23/15:29:41.313039,0,70181,0,GPS1_Frame,42.33282,-71.0922433333333,18.7,327627.599093153,4688849.87254936,19,T
2022/09/23/15:29:42.385904,0,70182,0,GPS1_Frame,42.3328133333333,-71.0922533333333,18.6,327626.756981568,4688849.15253724,19,T
2022/09/23/15:29:43.348570,0,70183,0,GPS1_Frame,42.332805,-71.0922633333333,18.6,327625.910316561,4688848.24745467,19,T
2022/09/23/15:29:44.315039,0,70184,0,GPS1_Frame,42.3327983333333,-71.0922733333333,18.6,327625.068204606,4688847.52744275,19,T
2022/09/23/15:29:45.318147,0,70185,0,GPS1_Frame,42.33279,-71.0922833333333,18.6,327624.22153919,4688846.62236038,19,T
2022/09/23/15:29:46.308805,0,70186,0,GPS1_Frame,42.332785,-71.0922933333333,18.5,327623.383980187,4688846.08741919,19,T
2022/09/23/15:29:47.315892,0,70187,0,GPS1_Frame,42.3327816666667,-71.0923033333333,18.5,327622.55097439,4688845.73754864,19,T
2022/09/23/15:29:48.317776,0,70188,0,GPS1_Frame,42.3327783333333,-71.092315,18.5,327621.580651968,4688845.39105664,19,T
2022/09/23/15:29:49.315379,0,70189,0,GPS1_Frame,42.332775,-71.092325,18.4,327620.747645987,4688845.04118631,19,T
2022/09/23/15:29:50.316892,0,70190,0,GPS1_Frame,42.33277,-71.0923366666667,18.5,327619.772769963,4688844.50962401,19,T
2022/09/23/15:29:51.317001,0,70191,0,GPS1_Frame,42.3327633333333,-71.0923483333333,18.6,327618.793340354,4688843.79299129,19,T
2022/09/23/15:29:52.318319,0,70192,0,GPS1_Frame,42.3327583333333,-71.0923583333333,18.6,327617.955780579,4688843.25805074,19,T
2022/09/23/15:29:53.316638,0,70193,0,GPS1_Frame,42.33275,-71.09237,18.5,327616.971797131,4688842.35634772,19,T
2022/09/23/15:29:54.353304,0,70194,0,GPS1_Frame,42.3327433333333,-71.09238,18.5,327616.129683544,4688841.63633683,19,T
2022/09/23/15:29:55.316347,0,70195,0,GPS1_Frame,42.3327366666667,-71.09239,18.6,327615.287569786,4688840.91632603,19,T
2022/09/23/15:29:56.318701,0,70196,0,GPS1_Frame,42.3327283333333,-71.0923983333333,18.6,327614.578218962,4688840.0078662,19,T
2022/09/23/15:29:57.347522,0,70197,0,GPS1_Frame,42.3327216666667,-71.09241,18.7,327613.598788189,4688839.29123419,19,T
2022/09/23/15:29:58.319981,0,70198,0,GPS1_Frame,42.3327166666667,-71.09242,18.6,327612.761227477,4688838.75629422,19,T
2022/09/23/15:29:59.314166,0,70199,0,GPS1_Frame,42.3327116666667,-71.0924316666667,18.7,327611.78634995,4688838.224733,19,T
2022/09/23/15:30:00.354699,0,70200,0,GPS1_Frame,42.3327066666667,-71.0924416666667,18.7,327610.948788967,4688837.68979324,19,T
2022/09/23/15:30:01.315804,0,70201,0,GPS1_Frame,42.3327016666667,-71.0924516666667,18.7,327610.111227854,4688837.15485359,19,T
2022/09/23/15:30:02.318504,0,70202,0,GPS1_Frame,42.332695,-71.0924616666667,18.6,327609.269112939,4688836.43484348,19,T
2022/09/23/15:30:03.351943,0,70203,0,GPS1_Frame,42.33269,-71.0924716666667,18.8,327608.431551543,4688835.89990402,19,T
2022/09/23/15:30:04.353022,0,70204,0,GPS1_Frame,42.3326833333333,-71.0924833333333,19,327607.452119558,4688835.18327283,19,T
2022/09/23/15:30:05.316282,0,70205,0,GPS1_Frame,42.3326783333333,-71.0924933333333,19.1,327606.61455787,4688834.64833358,19,T
2022/09/23/15:30:06.316206,0,70206,0,GPS1_Frame,42.3326716666667,-71.092505,19.2,327605.635125524,4688833.93170264,19,T
2022/09/23/15:30:07.317536,0,70207,0,GPS1_Frame,42.3326666666667,-71.092515,19.2,327604.797563544,4688833.39676359,19,T
2022/09/23/15:30:08.319540,0,70208,0,GPS1_Frame,42.3326616666667,-71.0925233333333,19.1,327604.097318229,4688832.85844586,19,T
2022/09/23/15:30:09.314383,0,70209,0,GPS1_Frame,42.3326566666667,-71.0925333333333,19.1,327603.259756002,4688832.32350699,19,T
2022/09/23/15:30:10.347071,0,70210,0,GPS1_Frame,42.3326533333333,-71.0925433333333,19.1,327602.426747488,4688831.97363877,19,T
2022/09/23/15:30:11.316753,0,70211,0,GPS1_Frame,42.3326516666667,-71.0925516666667,19,327601.735609575,4688831.80546235,19,T
2022/09/23/15:30:12.390638,0,70212,0,GPS1_Frame,42.3326483333333,-71.0925583333333,19,327601.17723456,4688831.44883661,19,T
2022/09/23/15:30:13.317700,0,70213,0,GPS1_Frame,42.3326483333333,-71.09256,19.1,327601.039917738,4688831.45221546,19,T
2022/09/23/15:30:14.315917,0,70214,0,GPS1_Frame,42.3326466666667,-71.092565,18.9,327600.623413382,4688831.27728146,19,T
2022/09/23/15:30:15.383380,0,70215,0,GPS1_Frame,42.3326466666667,-71.0925666666667,18.6,327600.486096556,4688831.28066032,19,T
2022/09/23/15:30:16.348193,0,70216,0,GPS1_Frame,42.3326466666667,-71.0925716666667,18.3,327600.074146084,4688831.2907969,19,T
2022/09/23/15:30:17.347885,0,70217,0,GPS1_Frame,42.332645,-71.0925766666667,18.1,327599.657641689,4688831.11586296,19,T
2022/09/23/15:30:18.321208,0,70218,0,GPS1_Frame,42.3326416666667,-71.0925816666667,18,327599.236583345,4688830.7558585,19,T
2022/09/23/15:30:19.350844,0,70219,0,GPS1_Frame,42.3326366666667,-71.09259,17.9,327598.536337323,4688830.2175413,19,T
2022/09/23/15:30:20.316412,0,70220,0,GPS1_Frame,42.3326316666667,-71.0926,17.8,327597.698774338,4688829.68260308,19,T
2022/09/23/15:30:21.320659,0,70221,0,GPS1_Frame,42.3326266666667,-71.0926083333333,17.9,327596.998528089,4688829.14428603,19,T
2022/09/23/15:30:22.318300,0,70222,0,GPS1_Frame,42.33262,-71.0926183333333,18,327596.156410845,4688828.42427744,19,T
2022/09/23/15:30:23.354832,0,70223,0,GPS1_Frame,42.3326133333333,-71.0926266666667,17.9,327595.451610327,4688827.70089,19,T
2022/09/23/15:30:24.318109,0,70224,0,GPS1_Frame,42.3326083333333,-71.092635,17.8,327594.751363709,4688827.16257317,19,T
2022/09/23/15:30:25.318884,0,70225,0,GPS1_Frame,42.3326016666667,-71.0926433333333,17.7,327594.046562922,4688826.43918586,19,T
2022/09/23/15:30:26.385646,0,70226,0,GPS1_Frame,42.3325966666667,-71.0926516666667,17.4,327593.34631607,4688825.90086916,19,T
2022/09/23/15:30:27.354850,0,70227,0,GPS1_Frame,42.3325916666667,-71.09266,17.1,327592.64606911,4688825.36255253,19,T
2022/09/23/15:30:28.315031,0,70228,0,GPS1_Frame,42.332585,-71.09267,17.1,327591.80395097,4688824.64254444,19,T
2022/09/23/15:30:29.319533,0,70229,0,GPS1_Frame,42.33258,-71.09268,16.9,327590.966386794,4688824.107607,19,T
2022/09/23/15:30:30.318715,0,70230,0,GPS1_Frame,42.3325766666667,-71.0926916666667,16.9,327589.996059672,4688823.76111924,19,T
2022/09/23/15:30:31.317798,0,70231,0,GPS1_Frame,42.3325733333333,-71.092705,17,327588.888415459,4688823.4180107,19,T
2022/09/23/15:30:32.317478,0,70232,0,GPS1_Frame,42.33257,-71.09272,17,327587.64345414,4688823.07828143,19,T
2022/09/23/15:30:33.354934,0,70233,0,GPS1_Frame,42.3325666666667,-71.0927316666667,17,327586.673126688,4688822.73179413,19,T
2022/09/23/15:30:34.318363,0,70234,0,GPS1_Frame,42.3325633333333,-71.0927416666667,17,327585.840116142,4688822.38192783,19,T
2022/09/23/15:30:35.319726,0,70235,0,GPS1_Frame,42.3325583333333,-71.0927516666667,17.1,327585.002551218,4688821.84699107,19,T
2022/09/23/15:30:36.312348,0,70236,0,GPS1_Frame,42.3325516666667,-71.09276,17.2,327584.297748883,4688821.12360471,19,T
2022/09/23/15:30:37.348289,0,70237,0,GPS1_Frame,42.332545,-71.0927683333333,17.2,327583.592946403,4688820.4002184,19,T
2022/09/23/15:30:38.320659,0,70238,0,GPS1_Frame,42.3325366666667,-71.0927783333333,17.2,327582.746272371,4688819.49514082,19,T
2022/09/23/15:30:39.319560,0,70239,0,GPS1_Frame,42.3325316666667,-71.0927883333333,17.4,327581.908706864,4688818.96020442,19,T
2022/09/23/15:30:40.315429,0,70240,0,GPS1_Frame,42.332525,-71.0928,17.4,327580.929269743,4688818.24357681,19,T
2022/09/23/15:30:41.318991,0,70241,0,GPS1_Frame,42.3325183333333,-71.0928116666667,17.7,327579.94983242,4688817.52694933,19,T
2022/09/23/15:30:42.421537,0,70242,0,GPS1_Frame,42.33251,-71.0928233333333,17.7,327578.965840451,4688816.62525143,19,T
2022/09/23/15:30:43.316558,0,70243,0,GPS1_Frame,42.3325016666667,-71.0928366666667,17.7,327577.844531087,4688815.72693296,19,T
2022/09/23/15:30:44.351259,0,70244,0,GPS1_Frame,42.3324983333333,-71.0928466666667,18.1,327577.011519242,4688815.37706767,19,T
2022/09/23/15:30:45.319027,0,70245,0,GPS1_Frame,42.3324933333333,-71.0928566666667,18.2,327576.173952795,4688814.84213193,19,T
2022/09/23/15:30:46.316185,0,70246,0,GPS1_Frame,42.3324883333333,-71.09287,18.3,327575.061751872,4688814.31395497,19,T
2022/09/23/15:30:47.315437,0,70247,0,GPS1_Frame,42.3324833333333,-71.0928833333333,18.5,327573.949550776,4688813.78577819,19,T
2022/09/23/15:30:48.318783,0,70248,0,GPS1_Frame,42.3324766666667,-71.0928966666667,18.7,327572.832794903,4688813.07253103,19,T
2022/09/23/15:30:49.317414,0,70249,0,GPS1_Frame,42.33247,-71.0929083333333,18.7,327571.853356012,4688812.35590464,19,T
2022/09/23/15:30:50.350912,0,70250,0,GPS1_Frame,42.3324616666667,-71.0929216666667,18.9,327570.73204504,4688811.45758726,19,T
2022/09/23/15:30:51.312875,0,70251,0,GPS1_Frame,42.332455,-71.0929333333333,19,327569.752605706,4688810.74096115,19,T
2022/09/23/15:30:52.322092,0,70252,0,GPS1_Frame,42.332445,-71.0929466666667,19,327568.626739497,4688809.65757356,19,T
2022/09/23/15:30:53.382455,0,70253,0,GPS1_Frame,42.33244,-71.0929633333333,19.2,327567.239902594,4688809.13615674,19,T
2022/09/23/15:30:54.350496,0,70254,0,GPS1_Frame,42.3324333333333,-71.0929766666667,19.4,327566.123145281,4688808.42291062,19,T
2022/09/23/15:30:55.317883,0,70255,0,GPS1_Frame,42.3324266666667,-71.0929883333333,19.4,327565.143705041,4688807.70628513,19,T
2022/09/23/15:30:56.318134,0,70256,0,GPS1_Frame,42.33242,-71.0930033333333,19.6,327563.889629959,4688806.99641889,19,T
2022/09/23/15:30:57.315980,0,70257,0,GPS1_Frame,42.3324133333333,-71.093015,19.6,327562.910189289,4688806.2797937,19,T
2022/09/23/15:30:58.320117,0,70258,0,GPS1_Frame,42.3324066666667,-71.093025,19.5,327562.068065769,4688805.55978905,19,T
2022/09/23/15:30:59.349573,0,70259,0,GPS1_Frame,42.3323983333333,-71.093035,19.5,327561.221387181,4688804.65471395,19,T
2022/09/23/15:31:00.316568,0,70260,0,GPS1_Frame,42.33239,-71.093045,19.4,327560.374708375,4688803.74963895,19,T
2022/09/23/15:31:01.316093,0,70261,0,GPS1_Frame,42.3323833333333,-71.0930583333333,19.4,327559.257949493,4688803.03639388,19,T
2022/09/23/15:31:02.357958,0,70262,0,GPS1_Frame,42.3323783333333,-71.09307,19.3,327558.283062763,4688802.50483986,19,T
2022/09/23/15:31:03.316530,0,70263,0,GPS1_Frame,42.3323716666667,-71.09308,19.2,327557.440938317,4688801.78483574,19,T
2022/09/23/15:31:04.318924,0,70264,0,GPS1_Frame,42.332365,-71.09309,19.3,327556.598813694,4688801.06483172,19,T
2022/09/23/15:31:05.315588,0,70265,0,GPS1_Frame,42.3323583333333,-71.0931016666667,19.4,327555.619371446,4688800.34820751,19,T
2022/09/23/15:31:06.354538,0,70266,0,GPS1_Frame,42.3323516666667,-71.0931133333333,19.8,327554.639928994,4688799.63158343,19,T
2022/09/23/15:31:07.351842,0,70267,0,GPS1_Frame,42.3323433333333,-71.093125,19.9,327553.655931256,4688798.72988894,19,T
2022/09/23/15:31:08.353031,0,70268,0,GPS1_Frame,42.332335,-71.093135,19.6,327552.80925077,4688797.82481482,19,T
2022/09/23/15:31:09.318586,0,70269,0,GPS1_Frame,42.3323266666667,-71.093145,19.3,327551.962570073,4688796.91974078,19,T
2022/09/23/15:31:10.318057,0,70270,0,GPS1_Frame,42.33232,-71.0931566666667,19.4,327550.983126772,4688796.2031172,19,T
2022/09/23/15:31:11.318615,0,70271,0,GPS1_Frame,42.3323133333333,-71.0931666666667,19.4,327550.141000822,4688795.48311392,19,T
2022/09/23/15:31:12.315029,0,70272,0,GPS1_Frame,42.3323066666667,-71.0931783333333,19.3,327549.16155713,4688794.76649057,19,T
2022/09/23/15:31:13.316041,0,70273,0,GPS1_Frame,42.3322983333333,-71.09319,19,327548.177558011,4688793.86479682,19,T
2022/09/23/15:31:14.352442,0,70274,0,GPS1_Frame,42.33229,-71.0932016666667,18.9,327547.193558644,4688792.9631032,19,T
2022/09/23/15:31:15.315845,0,70275,0,GPS1_Frame,42.332285,-71.0932133333333,18.7,327546.218669569,4688792.43155079,19,T
2022/09/23/15:31:16.352006,0,70276,0,GPS1_Frame,42.33228,-71.093225,18.7,327545.243780345,4688791.89999852,19,T
2022/09/23/15:31:17.316303,0,70277,0,GPS1_Frame,42.332275,-71.0932383333333,19,327544.131573332,4688791.37182631,19,T
2022/09/23/15:31:18.352898,0,70278,0,GPS1_Frame,42.3322683333333,-71.0932516666667,19.1,327543.014810784,4688790.65858373,19,T
2022/09/23/15:31:19.316447,0,70279,0,GPS1_Frame,42.3322616666667,-71.0932633333333,19.4,327542.035365676,4688789.94196135,19,T
2022/09/23/15:31:20.313637,0,70280,0,GPS1_Frame,42.332255,-71.093275,19.7,327541.055920368,4688789.2253391,19,T
2022/09/23/15:31:21.318012,0,70281,0,GPS1_Frame,42.3322483333333,-71.0932866666667,20,327540.076474855,4688788.50871698,19,T
2022/09/23/15:31:22.318164,0,70282,0,GPS1_Frame,42.33224,-71.0932983333333,20.3,327539.09247369,4688787.60702445,19,T
2022/09/23/15:31:23.318854,0,70283,0,GPS1_Frame,42.3322333333333,-71.09331,20.5,327538.113027749,4688786.89040259,19,T
2022/09/23/15:31:24.361059,0,70284,0,GPS1_Frame,42.3322266666667,-71.0933216666667,20.6,327537.133581608,4688786.17378087,19,T
2022/09/23/15:31:25.350042,0,70285,0,GPS1_Frame,42.3322216666667,-71.0933316666667,20.7,327536.296008551,4688785.63884973,19,T
2022/09/23/15:31:26.316151,0,70286,0,GPS1_Frame,42.3322133333333,-71.0933416666667,20.8,327535.449324271,4688784.7337776,19,T
2022/09/23/15:31:27.317736,0,70287,0,GPS1_Frame,42.3322083333333,-71.0933516666667,20.8,327534.611750914,4688784.19884665,19,T
2022/09/23/15:31:28.319960,0,70288,0,GPS1_Frame,42.3322,-71.0933616666667,20.9,327533.765066247,4688783.29377472,19,T
2022/09/23/15:31:29.318652,0,70289,0,GPS1_Frame,42.3321916666667,-71.09337,20.9,327533.055699185,4688782.38532273,19,T
2022/09/23/15:31:30.318173,0,70290,0,GPS1_Frame,42.3321833333333,-71.09338,20.8,327532.209014106,4688781.48025098,19,T
2022/09/23/15:31:31.319816,0,70291,0,GPS1_Frame,42.3321766666667,-71.0933883333333,20.8,327531.50420232,4688780.75686968,19,T
2022/09/23/15:31:32.319846,0,70292,0,GPS1_Frame,42.33217,-71.0933983333333,20.7,327530.662072514,4688780.03686864,19,T
2022/09/23/15:31:33.355087,0,70293,0,GPS1_Frame,42.3321633333333,-71.0934066666667,20.7,327529.957260426,4688779.31348749,19,T
2022/09/23/15:31:34.316227,0,70294,0,GPS1_Frame,42.3321566666667,-71.093415,20.7,327529.252448191,4688778.59010641,19,T
2022/09/23/15:31:35.386092,0,70295,0,GPS1_Frame,42.3321533333333,-71.0934233333333,20.7,327528.556747257,4688778.23686647,19,T
2022/09/23/15:31:36.318982,0,70296,0,GPS1_Frame,42.3321466666667,-71.0934316666667,20.7,327527.85193477,4688777.51348553,19,T
2022/09/23/15:31:37.316152,0,70297,0,GPS1_Frame,42.3321383333333,-71.0934416666667,20.9,327527.005248449,4688776.60841437,19,T
2022/09/23/15:31:38.314529,0,70298,0,GPS1_Frame,42.3321333333333,-71.0934516666667,21.1,327526.167673473,4688776.07348439,19,T
2022/09/23/15:31:39.319865,0,70299,0,GPS1_Frame,42.3321266666667,-71.09346,21,327525.462860527,4688775.35010367,19,T
2022/09/23/15:31:40.357036,0,70300,0,GPS1_Frame,42.3321216666667,-71.09347,21,327524.625285281,4688774.81517387,19,T
2022/09/23/15:31:41.318638,0,70301,0,GPS1_Frame,42.3321133333333,-71.09348,20.9,327523.778598225,4688773.91010309,19,T
2022/09/23/15:31:42.395286,0,70302,0,GPS1_Frame,42.3321066666667,-71.09349,21,327522.936466812,4688773.19010293,19,T
2022/09/23/15:31:43.358316,0,70303,0,GPS1_Frame,42.3321,-71.0935016666667,21,327521.957017205,4688772.47348324,19,T
2022/09/23/15:31:44.354390,0,70304,0,GPS1_Frame,42.3320916666667,-71.0935116666667,21,327521.110329527,4688771.56841277,19,T
2022/09/23/15:31:45.312832,0,70305,0,GPS1_Frame,42.3320833333333,-71.09352,21,327520.400959696,4688770.65996199,19,T
2022/09/23/15:31:46.315037,0,70306,0,GPS1_Frame,42.3320766666667,-71.09353,20.9,327519.558827552,4688769.93996223,19,T
2022/09/23/15:31:47.320431,0,70307,0,GPS1_Frame,42.33207,-71.0935383333333,20.9,327518.854013326,4688769.21658215,19,T
2022/09/23/15:31:48.321392,0,70308,0,GPS1_Frame,42.3320616666667,-71.0935483333333,20.8,327518.007324869,4688768.31151202,19,T
2022/09/23/15:31:49.318144,0,70309,0,GPS1_Frame,42.332055,-71.0935583333333,20.8,327517.165192203,4688767.59151253,19,T
2022/09/23/15:31:50.318955,0,70310,0,GPS1_Frame,42.3320466666667,-71.09357,21,327516.181185196,4688766.68982308,19,T
2022/09/23/15:31:51.321012,0,70311,0,GPS1_Frame,42.3320366666667,-71.0935816666667,21.2,327515.192621884,4688765.60306321,19,T
2022/09/23/15:31:52.318091,0,70312,0,GPS1_Frame,42.3320283333333,-71.0935916666667,21.4,327514.34593253,4688764.69799351,19,T
2022/09/23/15:31:53.353173,0,70313,0,GPS1_Frame,42.33202,-71.0936016666667,21.5,327513.499242961,4688763.79292391,19,T
2022/09/23/15:31:54.315161,0,70314,0,GPS1_Frame,42.3320116666667,-71.09361,21.5,327512.789871398,4688762.88447386,19,T
2022/09/23/15:31:55.346968,0,70315,0,GPS1_Frame,42.3320033333333,-71.09362,21.6,327511.943181418,4688761.97940443,19,T
2022/09/23/15:31:56.351487,0,70316,0,GPS1_Frame,42.331995,-71.0936316666667,21.7,327510.959172973,4688761.07771567,19,T
2022/09/23/15:31:57.352720,0,70317,0,GPS1_Frame,42.33199,-71.0936416666667,21.9,327510.12159491,4688760.54278753,19,T
2022/09/23/15:31:58.353378,0,70318,0,GPS1_Frame,42.3319833333333,-71.09365,22,327509.416778791,4688759.81940835,19,T
2022/09/23/15:31:59.321136,0,70319,0,GPS1_Frame,42.3319766666667,-71.09366,22.3,327508.574644238,4688759.09940985,19,T
2022/09/23/15:32:00.318271,0,70320,0,GPS1_Frame,42.33197,-71.0936683333333,22.4,327507.869827817,4688758.37603081,19,T
2022/09/23/15:32:01.318146,0,70321,0,GPS1_Frame,42.3319633333333,-71.0936766666667,22.5,327507.165011257,4688757.65265184,19,T
2022/09/23/15:32:02.313850,0,70322,0,GPS1_Frame,42.331955,-71.093685,22.5,327506.455638277,4688756.7442024,19,T
2022/09/23/15:32:03.314216,0,70323,0,GPS1_Frame,42.3319483333333,-71.0936916666667,22.5,327505.888139766,4688756.0174429,19,T
2022/09/23/15:32:04.321180,0,70324,0,GPS1_Frame,42.33194,-71.0937,22.5,327505.178766469,4688755.10899359,19,T
2022/09/23/15:32:05.348728,0,70325,0,GPS1_Frame,42.3319316666667,-71.0937066666667,22.4,327504.606711383,4688754.19716365,19,T
2022/09/23/15:32:06.318314,0,70326,0,GPS1_Frame,42.3319233333333,-71.093715,22.2,327503.897337746,4688753.28871445,19,T
2022/09/23/15:32:07.354497,0,70327,0,GPS1_Frame,42.331915,-71.0937233333334,22.1,327503.187963931,4688752.38026533,19,T
2022/09/23/15:32:08.318149,0,70328,0,GPS1_Frame,42.3319066666667,-71.0937316666667,22.1,327502.47858994,4688751.47181627,19,T
2022/09/23/15:32:09.354701,0,70329,0,GPS1_Frame,42.3318983333333,-71.0937383333333,21.9,327501.906534231,4688750.55998653,19,T
2022/09/23/15:32:10.350075,0,70330,0,GPS1_Frame,42.33189,-71.0937466666667,21.7,327501.197159899,4688749.6515376,19,T
2022/09/23/15:32:11.317784,0,70331,0,GPS1_Frame,42.3318816666667,-71.0937533333333,21.6,327500.62510389,4688748.73970796,19,T
2022/09/23/15:32:12.354987,0,70332,0,GPS1_Frame,42.3318733333333,-71.09376,21.5,327500.05304774,4688747.82787837,19,T
2022/09/23/15:32:13.317298,0,70333,0,GPS1_Frame,42.3318666666667,-71.0937683333333,21.5,327499.348229357,4688747.10450014,19,T
2022/09/23/15:32:14.353198,0,70334,0,GPS1_Frame,42.3318583333333,-71.0937766666667,21.3,327498.638854369,4688746.19605145,19,T
2022/09/23/15:32:15.320754,0,70335,0,GPS1_Frame,42.3318516666667,-71.0937833333333,21.1,327498.071354245,4688745.46929254,19,T
2022/09/23/15:32:16.315722,0,70336,0,GPS1_Frame,42.331845,-71.09379,21,327497.503854012,4688744.74253368,19,T
2022/09/23/15:32:17.317693,0,70337,0,GPS1_Frame,42.3318366666667,-71.0937983333333,21,327496.794478556,4688743.83408516,19,T
2022/09/23/15:32:18.319488,0,70338,0,GPS1_Frame,42.3318316666667,-71.093805,20.9,327496.231534589,4688743.29239693,19,T
2022/09/23/15:32:19.321261,0,70339,0,GPS1_Frame,42.331825,-71.0938116666667,20.9,327495.664033999,4688742.56563821,19,T
2022/09/23/15:32:20.317776,0,70340,0,GPS1_Frame,42.3318166666667,-71.09382,20.9,327494.954658097,4688741.65718986,19,T
2022/09/23/15:32:21.321685,0,70341,0,GPS1_Frame,42.33181,-71.0938283333333,20.7,327494.249838591,4688740.93381212,19,T
2022/09/23/15:32:22.320679,0,70342,0,GPS1_Frame,42.331805,-71.0938366666667,20.6,327493.549575532,4688740.39550499,19,T
2022/09/23/15:32:23.319408,0,70343,0,GPS1_Frame,42.3317983333333,-71.0938433333333,20.4,327492.98207444,4688739.66874647,19,T
2022/09/23/15:32:24.354830,0,70344,0,GPS1_Frame,42.3317916666667,-71.0938533333333,20.4,327492.139935839,4688738.94874984,19,T
2022/09/23/15:32:25.349811,0,70345,0,GPS1_Frame,42.3317833333333,-71.0938616666667,20.4,327491.430559136,4688738.04030183,19,T
2022/09/23/15:32:26.353224,0,70346,0,GPS1_Frame,42.3317766666667,-71.0938716666667,20.3,327490.588420182,4688737.32030539,19,T
2022/09/23/15:32:27.321792,0,70347,0,GPS1_Frame,42.3317683333333,-71.09388,20.3,327489.879043123,4688736.41185753,19,T
2022/09/23/15:32:28.319499,0,70348,0,GPS1_Frame,42.33176,-71.0938883333333,20.4,327489.169665882,4688735.50340974,19,T
2022/09/23/15:32:29.316869,0,70349,0,GPS1_Frame,42.3317533333333,-71.0938983333333,20.4,327488.3275264,4688734.78341355,19,T
2022/09/23/15:32:30.317958,0,70350,0,GPS1_Frame,42.3317466666667,-71.0939066666667,20.4,327487.62270554,4688734.06003644,19,T
2022/09/23/15:32:31.356722,0,70351,0,GPS1_Frame,42.33174,-71.0939116666667,20.3,327487.192522162,4688733.32989736,19,T
2022/09/23/15:32:32.314497,0,70352,0,GPS1_Frame,42.3317316666667,-71.0939183333333,20.4,327486.620463107,4688732.41806879,19,T
2022/09/23/15:32:33.354006,0,70353,0,GPS1_Frame,42.3317216666667,-71.093925,20.5,327486.043847139,4688731.32116974,19,T
2022/09/23/15:32:34.354768,0,70354,0,GPS1_Frame,42.331715,-71.0939333333333,20.4,327485.339025711,4688730.59779285,19,T
2022/09/23/15:32:35.352213,0,70355,0,GPS1_Frame,42.3317066666667,-71.09394,20.4,327484.766966216,4688729.68596442,19,T
2022/09/23/15:32:36.314477,0,70356,0,GPS1_Frame,42.3316983333333,-71.0939483333334,20.5,327484.057587676,4688728.77751712,19,T
2022/09/23/15:32:37.318523,0,70357,0,GPS1_Frame,42.33169,-71.0939566666667,20.5,327483.348208961,4688727.86906988,19,T
2022/09/23/15:32:38.322384,0,70358,0,GPS1_Frame,42.3316833333333,-71.093965,20.5,327482.643386921,4688727.14569325,19,T
2022/09/23/15:32:39.321577,0,70359,0,GPS1_Frame,42.331675,-71.0939716666667,20.6,327482.071326816,4688726.23386503,19,T
2022/09/23/15:32:40.321765,0,70360,0,GPS1_Frame,42.331665,-71.09398,20.6,327481.35739071,4688725.14034746,19,T
2022/09/23/15:32:41.322899,0,70361,0,GPS1_Frame,42.3316566666667,-71.0939883333333,20.5,327480.648011297,4688724.23190048,19,T
2022/09/23/15:32:42.355358,0,70362,0,GPS1_Frame,42.33165,-71.0939966666667,20.5,327479.943188631,4688723.5085241,19,T
2022/09/23/15:32:43.321077,0,70363,0,GPS1_Frame,42.3316433333333,-71.0940066666667,20.6,327479.101046798,4688722.78852896,19,T
2022/09/23/15:32:44.353183,0,70364,0,GPS1_Frame,42.331635,-71.094015,20.6,327478.39166687,4688721.8800822,19,T
2022/09/23/15:32:45.320638,0,70365,0,GPS1_Frame,42.3316266666667,-71.0940216666667,20.6,327477.819605819,4688720.96825431,19,T
2022/09/23/15:32:46.319903,0,70366,0,GPS1_Frame,42.3316183333333,-71.0940283333333,20.7,327477.247544626,4688720.05642646,19,T
2022/09/23/15:32:47.356809,0,70367,0,GPS1_Frame,42.3316116666667,-71.0940316666667,20.7,327476.954678482,4688719.32290675,19,T
2022/09/23/15:32:48.353770,0,70368,0,GPS1_Frame,42.3316116666667,-71.0940316666667,20.6,327476.954678482,4688719.32290675,19,T
2022/09/23/15:32:49.354194,0,70369,0,GPS1_Frame,42.3316116666667,-71.0940316666667,20.7,327476.954678482,4688719.32290675,19,T
2022/09/23/15:32:50.317917,0,70370,0,GPS1_Frame,42.3316116666667,-71.0940316666667,20.7,327476.954678482,4688719.32290675,19,T
2022/09/23/15:32:51.352210,0,70371,0,GPS1_Frame,42.3316116666667,-71.0940316666667,20.7,327476.954678482,4688719.32290675,19,T
2022/09/23/15:32:52.322696,0,70372,0,GPS1_Frame,42.33161,-71.0940333333333,20.8,327476.812802388,4688719.14121744,19,T
2022/09/23/15:32:53.320920,0,70373,0,GPS1_Frame,42.3316116666667,-71.0940333333333,20.8,327476.81735939,4688719.32628797,19,T
2022/09/23/15:32:54.319586,0,70374,0,GPS1_Frame,42.3316116666667,-71.0940333333333,20.8,327476.81735939,4688719.32628797,19,T
2022/09/23/15:32:55.320839,0,70375,0,GPS1_Frame,42.3316116666667,-71.0940333333333,20.8,327476.81735939,4688719.32628797,19,T
2022/09/23/15:32:56.322761,0,70376,0,GPS1_Frame,42.3316116666667,-71.0940333333333,20.8,327476.81735939,4688719.32628797,19,T
2022/09/23/15:32:57.321865,0,70377,0,GPS1_Frame,42.3316083333333,-71.094035,20.6,327476.670926287,4688718.95952812,19,T
2022/09/23/15:32:58.352687,0,70378,0,GPS1_Frame,42.3316,-71.09404,20.6,327476.236183918,4688718.04431913,19,T
2022/09/23/15:32:59.317182,0,70379,0,GPS1_Frame,42.3315933333333,-71.0940416666667,20.6,327476.080636727,4688717.30741824,19,T
2022/09/23/15:33:00.358618,0,70380,0,GPS1_Frame,42.3315883333333,-71.0940416666667,20.8,327476.066965674,4688716.75220665,19,T
2022/09/23/15:33:01.322708,0,70381,0,GPS1_Frame,42.3315816666667,-71.0940416666667,20.9,327476.048737606,4688716.01192453,19,T
2022/09/23/15:33:02.322813,0,70382,0,GPS1_Frame,42.3315766666667,-71.09404,21,327476.172385725,4688715.45333171,19,T
2022/09/23/15:33:03.322503,0,70383,0,GPS1_Frame,42.3315766666667,-71.0940383333333,21,327476.309704892,4688715.44995048,19,T
2022/09/23/15:33:04.317040,0,70384,0,GPS1_Frame,42.3315766666667,-71.0940366666667,21.1,327476.447024059,4688715.44656926,19,T
2022/09/23/15:33:05.358158,0,70385,0,GPS1_Frame,42.331575,-71.094035,21.2,327476.579786224,4688715.25811752,19,T
2022/09/23/15:33:06.320153,0,70386,0,GPS1_Frame,42.3315716666667,-71.0940333333333,21.2,327476.707991401,4688714.88459524,19,T
2022/09/23/15:33:07.352334,0,70387,0,GPS1_Frame,42.3315716666667,-71.0940333333333,21.1,327476.707991401,4688714.88459524,19,T
2022/09/23/15:33:08.318404,0,70388,0,GPS1_Frame,42.33157,-71.0940333333333,21,327476.703434403,4688714.69952471,19,T
2022/09/23/15:33:09.321735,0,70389,0,GPS1_Frame,42.3315633333333,-71.0940333333333,20.9,327476.685206414,4688713.95924259,19,T
2022/09/23/15:33:10.322097,0,70390,0,GPS1_Frame,42.33156,-71.0940333333333,20.8,327476.67609242,4688713.58910153,19,T
2022/09/23/15:33:11.321533,0,70391,0,GPS1_Frame,42.331555,-71.0940333333333,20.6,327476.66242143,4688713.03388994,19,T
2022/09/23/15:33:12.319753,0,70392,0,GPS1_Frame,42.33155,-71.0940316666667,20.5,327476.786069669,4688712.47529714,19,T
2022/09/23/15:33:13.320084,0,70393,0,GPS1_Frame,42.331545,-71.09403,20.4,327476.909717929,4688711.91670435,19,T
2022/09/23/15:33:14.357996,0,70394,0,GPS1_Frame,42.33154,-71.0940266666667,20.2,327477.170685461,4688711.35473034,19,T
2022/09/23/15:33:15.319442,0,70395,0,GPS1_Frame,42.3315333333333,-71.0940233333333,20.3,327477.427096062,4688710.60768583,19,T
2022/09/23/15:33:16.356306,0,70396,0,GPS1_Frame,42.3315266666667,-71.0940166666667,20.5,327477.95814528,4688709.85387894,19,T
2022/09/23/15:33:17.321009,0,70397,0,GPS1_Frame,42.3315183333333,-71.0940066666667,20.3,327478.759276261,4688708.90823923,19,T
2022/09/23/15:33:18.318766,0,70398,0,GPS1_Frame,42.3315116666667,-71.0939983333333,20.4,327479.42764507,4688708.1510513,19,T
2022/09/23/15:33:19.320241,0,70399,0,GPS1_Frame,42.3315033333333,-71.0939916666667,20.4,327479.9541378,4688707.21217405,19,T
2022/09/23/15:33:20.320611,0,70400,0,GPS1_Frame,42.3314966666667,-71.0939833333333,20.3,327480.622506903,4688706.45498624,19,T
2022/09/23/15:33:21.355492,0,70401,0,GPS1_Frame,42.33149,-71.0939766666667,20.3,327481.153556801,4688705.70117962,19,T
2022/09/23/15:33:22.320746,0,70402,0,GPS1_Frame,42.331485,-71.0939683333333,20.3,327481.826483035,4688705.12906247,19,T
2022/09/23/15:33:23.355722,0,70403,0,GPS1_Frame,42.3314783333333,-71.09396,20.3,327482.494852549,4688704.37187485,19,T
2022/09/23/15:33:24.358901,0,70404,0,GPS1_Frame,42.3314733333333,-71.0939533333333,20.4,327483.030459629,4688703.80313891,19,T
2022/09/23/15:33:25.359528,0,70405,0,GPS1_Frame,42.3314683333333,-71.0939483333334,20.5,327483.428747394,4688703.2377841,19,T
2022/09/23/15:33:26.320523,0,70406,0,GPS1_Frame,42.3314633333333,-71.0939416666667,20.6,327483.964354641,4688702.66904824,19,T
2022/09/23/15:33:27.353214,0,70407,0,GPS1_Frame,42.3314566666667,-71.0939333333333,20.8,327484.632724627,4688701.91186084,19,T
2022/09/23/15:33:28.322373,0,70408,0,GPS1_Frame,42.3314516666667,-71.093925,21.1,327485.305651517,4688701.33974404,19,T
2022/09/23/15:33:29.321590,0,70409,0,GPS1_Frame,42.331445,-71.0939166666667,21.4,327485.974021779,4688700.58255678,19,T
2022/09/23/15:33:30.321076,0,70410,0,GPS1_Frame,42.3314416666667,-71.0939083333333,21.7,327486.65150562,4688700.19551064,19,T
2022/09/23/15:33:31.325926,0,70411,0,GPS1_Frame,42.3314416666667,-71.093905,21.7,327486.926144542,4688700.18874862,19,T
2022/09/23/15:33:32.322871,0,70412,0,GPS1_Frame,42.33144,-71.0939033333333,22.5,327487.058907299,4688700.0002971,19,T
2022/09/23/15:33:33.321023,0,70413,0,GPS1_Frame,42.3314416666667,-71.0939083333333,22.5,327486.65150562,4688700.19551064,19,T
2022/09/23/15:33:34.355328,0,70414,0,GPS1_Frame,42.331445,-71.0939166666667,22.5,327485.974021779,4688700.58255678,19,T
2022/09/23/15:33:35.320612,0,70415,0,GPS1_Frame,42.3314516666667,-71.093925,22.1,327485.305651517,4688701.33974404,19,T
2022/09/23/15:33:36.322233,0,70416,0,GPS1_Frame,42.331455,-71.093935,21.9,327484.490848426,4688701.73017137,19,T
2022/09/23/15:33:37.386548,0,70417,0,GPS1_Frame,42.3314583333333,-71.09394,21.7,327484.0880037,4688702.11045559,19,T
2022/09/23/15:33:38.355445,0,70418,0,GPS1_Frame,42.3314616666667,-71.093945,21.5,327483.685159015,4688702.49073985,19,T
2022/09/23/15:33:39.358518,0,70419,0,GPS1_Frame,42.3314666666667,-71.0939533333333,21.3,327483.012232371,4688703.06285681,19,T
2022/09/23/15:33:40.321448,0,70420,0,GPS1_Frame,42.3314716666667,-71.09396,21.1,327482.47662523,4688703.63159275,19,T
2022/09/23/15:33:41.319212,0,70421,0,GPS1_Frame,42.33148,-71.09397,20.9,327481.675493113,4688704.577232,19,T
2022/09/23/15:33:42.357076,0,70422,0,GPS1_Frame,42.3314883333333,-71.0939783333333,20.7,327481.011680573,4688705.51949022,19,T
2022/09/23/15:33:43.319660,0,70423,0,GPS1_Frame,42.3314966666667,-71.0939866666667,20.6,327480.347868222,4688706.46174851,19,T
2022/09/23/15:33:44.322438,0,70424,0,GPS1_Frame,42.331505,-71.0939966666667,20.4,327479.546736729,4688707.40738803,19,T
2022/09/23/15:33:45.320891,0,70425,0,GPS1_Frame,42.3315116666667,-71.0940066666667,20.4,327478.741048523,4688708.16795712,19,T
2022/09/23/15:33:46.322001,0,70426,0,GPS1_Frame,42.3315183333333,-71.0940166666667,20.3,327477.935360494,4688708.9285263,19,T
